Titulo,Comentarios,Imagenes
Desalojan la Puerta del Sol durante 45 minutos por una mochila abandonada,No tiene comentarios,No tiene imagen
Miles de personas reclaman en Madrid que «no agonice» la España rural,3,https://uh.gsstatic.es/sfAttachPlugin/getCachedContent/id/867977/width/223
La Guardia Civil desarticula un clan que robaba vehículos para venderlos en África,1,https://uh.gsstatic.es/sfAttachPlugin/getCachedCropContent/id/593307
La juez envía a prisión a 'El Chule' por el homicidio de un vecino en Vallecas,No tiene comentarios,No tiene imagen
Unos vecinos retiran 'lazos amarillos' y resultaron ser cintas anti-orugas tóxicas,33,https://uh.gsstatic.es/sfAttachPlugin/getCachedCropContent/id/592445
Un paciente agrede a seis trabajadores del Hospital Infanta Sofía,2,No tiene imagen
El juez emite las órdenes de detención contra los asaltantes de la Embajada de Corea del Norte en Madrid,No tiene comentarios,No tiene imagen
Un mexicano lideró el asalto a la embajada de Corea del Norte en Madrid,No tiene comentarios,No tiene imagen
Casado elige a Suárez Illana como su 'número dos' por Madrid en la lista al Congreso,No tiene comentarios,https://uh.gsstatic.es/sfAttachPlugin/getCachedContent/id/865471/width/223
Fallece un ciclista al ser arrollado por un remolque en Madrid,No tiene comentarios,No tiene imagen
Una joven de 24 años denuncia una agresión sexual múltiple en Ciempozuelos,3,https://uh.gsstatic.es/sfAttachPlugin/getCachedCropContent/id/590613
La presidenta de Vox en Madrid ve «manadas de magrebíes»,15,https://uh.gsstatic.es/sfAttachPlugin/getCachedCropContent/id/590015
Disturbios y cargas policiales en Vallecas frente a la casa de un presunto asesino,No tiene comentarios,https://uh.gsstatic.es/sfAttachPlugin/getCachedContent/id/863511/width/223
Esta es la razón por la que un joven afilaba un gran cuchillo en el metro,24,https://uh.gsstatic.es/sfAttachPlugin/getCachedCropContent/id/589131
Muere electrocutado al contactar su pértiga de poda con un tendido eléctrico,No tiene comentarios,No tiene imagen
Tensión en un vagón del metro por un hombre que afilaba un cuchillo de grandes dimensiones,4,https://uh.gsstatic.es/sfAttachPlugin/getCachedCropContent/id/588703
Atropellados cuatro jóvenes por un turismo en Guadarrama,1,No tiene imagen
Un fallecido y dos heridos leves en un accidente en la A2 en Madrid,No tiene comentarios,No tiene imagen
"Fallece Cuca Solana, impulsora de la pasarela Cibeles",1,https://uh.gsstatic.es/sfAttachPlugin/getCachedCropContent/id/586963
Vinculan a la CIA el asalto a la embajada de Corea del Norte en Madrid,No tiene comentarios,https://uh.gsstatic.es/sfAttachPlugin/getCachedCropContent/id/586887
Gran incendio en una nave de reciclaje en Alcorcón,No tiene comentarios,https://uh.gsstatic.es/sfAttachPlugin/getCachedCropContent/id/586575
Almeida abandona el acto de Atocha en memoria a las víctimas del 11M «tras más de 15 minutos de ataques al PP»,18,https://uh.gsstatic.es/sfAttachPlugin/getCachedCropContent/id/586025
Madrid se viste de recuerdo a las víctimas en el 15 aniversario del 11M,7,https://uh.gsstatic.es/sfAttachPlugin/getCachedCropContent/id/585945
Condenado a 3 años de cárcel por matar a su esposa y arrojar el cadáver a la basura,4,No tiene imagen
Un hombre de 80 años mata a su mujer y se suicida en Madrid,2,https://uh.gsstatic.es/sfAttachPlugin/getCachedContent/id/858287/width/223
La Policía concluye que la mujer muerta en Caixaforum se suicidó,No tiene comentarios,https://uh.gsstatic.es/sfAttachPlugin/getCachedCropContent/id/583733
Muere una mujer tras caer por el hueco de una escalera en el Caixaforum de Madrid,No tiene comentarios,No tiene imagen
Lanzan bombonas de butano desde una azotea para escapar de la policía,2,https://uh.gsstatic.es/sfAttachPlugin/getCachedCropContent/id/582313
Renault entregó 62 ZOE al Ayuntamiento de Madrid,No tiene comentarios,https://uh.gsstatic.es/sfAttachPlugin/getCachedCropContent/id/581253
Un muerto y varios intoxicados en un incendio en una vivienda en Madrid,No tiene comentarios,https://uh.gsstatic.es/sfAttachPlugin/getCachedCropContent/id/580909
Un hombre descuartiza a su madre y se la come en Madrid,4,https://uh.gsstatic.es/sfAttachPlugin/getCachedCropContent/id/580051
'Escrache' a Iñigo Errejón por «abandonar a los obreros»,6,https://uh.gsstatic.es/sfAttachPlugin/getCachedCropContent/id/579539
Detenido un empleado de Amazon por sustraer productos por valor de 300.000 euros,No tiene comentarios,https://uh.gsstatic.es/sfAttachPlugin/getCachedCropContent/id/579243
Parto en plena calle en Madrid,1,https://uh.gsstatic.es/sfAttachPlugin/getCachedCropContent/id/578209
Un hombre se suicida tras matar presuntamente a dos familiares,No tiene comentarios,No tiene imagen
La Policía desmantela un criadero ilegal y rescata a doce perros,1,https://uh.gsstatic.es/sfAttachPlugin/getCachedCropContent/id/577711
Tres muertos en un accidente de tráfico en Madrid,No tiene comentarios,No tiene imagen
El Atlético de Madrid investigará posibles abusos a menores del fraile Manuel Briñas,No tiene comentarios,No tiene imagen
Boicotean por error un restaurante en Madrid al creer que era de Eva Hache,12,https://uh.gsstatic.es/sfAttachPlugin/getCachedCropContent/id/576707
La joven descuartizada en Madrid recibió dos puñaladas en la espalda,1,https://uh.gsstatic.es/sfAttachPlugin/getCachedCropContent/id/576207
El bebé hallado en un contenedor de basura nació con vida,No tiene comentarios,https://uh.gsstatic.es/sfAttachPlugin/getCachedContent/id/848769/width/223
Irene Montero descarta ser candidata de Podemos a la Comunidad de Madrid,2,https://uh.gsstatic.es/sfAttachPlugin/getCachedCropContent/id/576143
Profanan las tumbas de Pablo Iglesias y de La Pasionaria,No tiene comentarios,No tiene imagen
Un hombre y su sobrino usaban perros de raza peligrosa para atracar a jóvenes,No tiene comentarios,https://uh.gsstatic.es/sfAttachPlugin/getCachedCropContent/id/575639
Encuentran en un contenedor de basura el cadáver de un bebé,2,No tiene imagen
Hallan a una mujer descuartizada en un frigorífico y detienen a su pareja,4,https://uh.gsstatic.es/sfAttachPlugin/getCachedCropContent/id/574677
"Dos muertos al caer una avioneta en Quijorna, Madrid",No tiene comentarios,https://uh.gsstatic.es/sfAttachPlugin/getCachedCropContent/id/573849
Los taxistas de Madrid desconvocan la huelga,17,https://uh.gsstatic.es/sfAttachPlugin/getCachedCropContent/id/573699
Abucheos al PP por criticar unos fondos para desenterrar «unos huesos»,1,https://uh.gsstatic.es/sfAttachPlugin/getCachedCropContent/id/573635
Detenido un conductor VTC en Barajas,No tiene comentarios,https://uh.gsstatic.es/sfAttachPlugin/getCachedContent/id/846215/width/223
Los taxistas de Madrid se plantean dejar el paro,2,https://uh.gsstatic.es/sfAttachPlugin/getCachedContent/id/846063/width/223
Pepu Hernández se compromete con el PSOE toda la legislatura aunque no sea alcalde,1,https://uh.gsstatic.es/sfAttachPlugin/getCachedCropContent/id/572841
Los taxistas de Madrid renuncian a incluir un plazo mínimo de precontratación para los VTC,No tiene comentarios,https://uh.gsstatic.es/sfAttachPlugin/getCachedContent/id/844395/width/223
Detenido un histórico narcotraficante tras 15 años huido de la Justicia,No tiene comentarios,https://uh.gsstatic.es/sfAttachPlugin/getCachedCropContent/id/571379
Un hombre fallece en Madrid tras ser arrollado por un coche sin conductor,No tiene comentarios,https://uh.gsstatic.es/sfAttachPlugin/getCachedCropContent/id/571371
Madrid rechaza la última propuesta del taxi porque busca «eliminar las VTC»,5,https://uh.gsstatic.es/sfAttachPlugin/getCachedContent/id/843989/width/223
Iglesias dice que Errejón no es un traidor y debe ser aliado de Podemos,1,No tiene imagen
"Protestas de taxistas en Madrid: Anginas de pecho, ataques de vértigo y ansiedad",3,https://uh.gsstatic.es/sfAttachPlugin/getCachedCropContent/id/571239
"El exseleccionador de baloncesto Pepu Hernández, candidato del PSOE a la Alcaldía de Madrid",7,https://uh.gsstatic.es/sfAttachPlugin/getCachedCropContent/id/571009
Un millar de conductores de VTC de Madrid se manifiesta ante la sede del PSOE,2,https://uh.gsstatic.es/sfAttachPlugin/getCachedCropContent/id/570821
El taxi intensifica su protesta en Madrid y la VTC estudia un ERE en Cataluña,1,https://uh.gsstatic.es/sfAttachPlugin/getCachedContent/id/843391/width/223
Los taxistas llegan a la Puerta del Sol con insultos a Garrido,2,https://uh.gsstatic.es/sfAttachPlugin/getCachedCropContent/id/570499
El taxista atropellado en Madrid por un VTC sigue muy grave y en coma inducido,1,No tiene imagen
"Podemos, abierto a pactar con Errejón para echar al PP de la Comunidad de Madrid",20,https://uh.gsstatic.es/sfAttachPlugin/getCachedCropContent/id/570265
Desalojo de taxistas con tensión y forcejeos en Madrid,9,https://uh.gsstatic.es/sfAttachPlugin/getCachedCropContent/id/570361
Fitur 2019 bate récord con 253.000 participantes y un impacto de 325 millones,No tiene comentarios,https://uh.gsstatic.es/sfAttachPlugin/getCachedContent/id/842913/width/223
Los taxistas bloquean carriles de la Castellana en su séptimo día de huelga,7,https://uh.gsstatic.es/sfAttachPlugin/getCachedCropContent/id/570009
"Ocho taxistas de Madrid, en huelga de hambre",9,https://uh.gsstatic.es/sfAttachPlugin/getCachedContent/id/842217/width/223
Se fuga por la ventanilla tras un aparatoso accidente,1,No tiene imagen
Los taxistas de Madrid anuncian acciones «más contundentes» para los próximos días,No tiene comentarios,No tiene imagen
Los taxistas de Madrid mantendrán la huelga hasta lograr una solución,3,https://uh.gsstatic.es/sfAttachPlugin/getCachedContent/id/841499/width/223
Podemos confirma que no presentará candidatura alternativa a Carmena,1,No tiene imagen
Un grupo de 200 taxistas irrumpen en las instalaciones de Ifema,1,https://uh.gsstatic.es/sfAttachPlugin/getCachedCropContent/id/568637
Los taxistas intentan boicotear Fitur,13,https://uh.gsstatic.es/sfAttachPlugin/getCachedContent/id/841309/width/223
La Guardia Civil denuncia a los taxistas que han cortado el tráfico en Madrid,1,https://uh.gsstatic.es/sfAttachPlugin/getCachedContent/id/841187/width/223
Localizado el conductor del atropello al taxista en la A-2,No tiene comentarios,https://uh.gsstatic.es/sfAttachPlugin/getCachedContent/id/841173/width/223
"El taxista atropellado por un VTC en las protestas de Madrid, muy grave",24,https://uh.gsstatic.es/sfAttachPlugin/getCachedContent/id/841005/width/223
Un grupo de taxistas increpa e insulta a Rivera en Madrid,3,https://uh.gsstatic.es/sfAttachPlugin/getCachedCropContent/id/568111
"Miguel Ángel Rodríguez, exportavoz de Aznar, colaborará en la campaña de Díaz Ayuso",No tiene comentarios,https://uh.gsstatic.es/sfAttachPlugin/getCachedCropContent/id/568091
Cientos de taxistas madrileños pasan la noche a las puertas de Ifema,2,https://uh.gsstatic.es/sfAttachPlugin/getCachedContent/id/840751/width/223
Los taxistas mantienen los paros,No tiene comentarios,https://uh.gsstatic.es/sfAttachPlugin/getCachedContent/id/840623/width/223
Se busca al dueño de un avión abandonado en Barajas,13,https://uh.gsstatic.es/sfAttachPlugin/getCachedContent/id/839685/width/223
Afines a Errejón respaldan su decisión mientras la dirección de Podemos guarda silencio,No tiene comentarios,No tiene imagen
Detenido un falso policía por maltratar a su pareja y chantajear a su familia,2,https://uh.gsstatic.es/sfAttachPlugin/getCachedCropContent/id/566575
Errejón irá a las elecciones con las siglas de Carmena y no con las de Podemos,9,https://uh.gsstatic.es/sfAttachPlugin/getCachedCropContent/id/566543
Hallan el cadáver de una joven con heridas de arma blanca en Meco,No tiene comentarios,No tiene imagen
Buscan a un conductor que intentó secuestrar a una niña de 10 años,2,No tiene imagen
Detenidos unos padres que estaban dormidos y borrachos en casa con dos niños cuando se incendió,2,https://uh.gsstatic.es/sfAttachPlugin/getCachedContent/id/838603/width/223
La 'manada de Villalba' afirma que la víctima propuso «entre risas» contactos sexuales por turnos,No tiene comentarios,No tiene imagen
Apuñala a un hombre por dejar un trozo de pizza sobre su coche,8,https://uh.gsstatic.es/sfAttachPlugin/getCachedCropContent/id/565365
Hallan en Madrid a un niño de 11 años que había desaparecido en Valladolid,1,No tiene imagen
"Díaz Ayuso, candidata del PP a la Comunidad de Madrid, y Almeida, a la Alcaldía",No tiene comentarios,https://uh.gsstatic.es/sfAttachPlugin/getCachedContent/id/837241/width/223
Quince menores detenidos por acosar a dos hermanos en un instituto de Madrid,2,https://uh.gsstatic.es/sfAttachPlugin/getCachedCropContent/id/564099
Muere el anciano atacado por tres rottweiler en Madrid,7,https://uh.gsstatic.es/sfAttachPlugin/getCachedCropContent/id/563363
Detenido el dueño de los tres rottweiler que atacaron a un anciano,5,https://uh.gsstatic.es/sfAttachPlugin/getCachedCropContent/id/562967
Polémica expulsión de una mujer negra de un autobús en Móstoles,27,https://uh.gsstatic.es/sfAttachPlugin/getCachedCropContent/id/562953
Tres rottweiler atacan a un anciano y le destrozan brazos y piernas,11,https://uh.gsstatic.es/sfAttachPlugin/getCachedCropContent/id/562705
Delegación de Gobierno desaconseja enterrar a Franco en La Almudena por razones de seguridad y orden público,No tiene comentarios,No tiene imagen
Botella y su equipo recurrirán la condena por venta de pisos a fondos buitre,No tiene comentarios,No tiene imagen
Condena a Ana Botella por la venta de pisos públicos de Madrid a fondos buitre,67,https://uh.gsstatic.es/sfAttachPlugin/getCachedCropContent/id/560775
"Roban, con gas pimienta, 400.000 euros en una administración de lotería que vendió el Gordo",5,No tiene imagen
Un muerto en un accidente de tráfico en la M-203,No tiene comentarios,https://uh.gsstatic.es/sfAttachPlugin/getCachedContent/id/832955/width/223
Denuncian una agresión a un transexual en Madrid,3,https://uh.gsstatic.es/sfAttachPlugin/getCachedCropContent/id/560169
"Manuela Carmena, operada",6,https://uh.gsstatic.es/sfAttachPlugin/getCachedCropContent/id/560053
Denuncian comentarios racistas hacia un trabajador: «No eres español. Vete a tu país de mierda»,19,https://uh.gsstatic.es/sfAttachPlugin/getCachedCropContent/id/559983
"La estudiante estadounidense agredida en Madrid: «Fingí estar muerta, pero me violó»",18,https://uh.gsstatic.es/sfAttachPlugin/getCachedCropContent/id/559751
Una estudiante estadounidense sufre una brutal agresión y violación en Madrid,5,https://uh.gsstatic.es/sfAttachPlugin/getCachedCropContent/id/559663
El Prado acoge la cena de Nochebuena del padre Ángel,No tiene comentarios,No tiene imagen
Muere un hombre por disparos en la espalda junto a un hospital en Madrid,2,https://uh.gsstatic.es/sfAttachPlugin/getCachedCropContent/id/558795
Un fallecido y 8 heridos en un accidente entre un turismo y un taxi en la M30,No tiene comentarios,https://uh.gsstatic.es/sfAttachPlugin/getCachedCropContent/id/557095
Piden 3 años de prisión para un policía que grababa a sus compañeras en el vestuario,2,https://uh.gsstatic.es/sfAttachPlugin/getCachedCropContent/id/556523
Un hombre mantenía en su casa a su madre muerta hace un año para cobrar su pensión,6,No tiene imagen
Carme Chacón tendrá una calle en Madrid,4,https://uh.gsstatic.es/sfAttachPlugin/getCachedCropContent/id/555443
El Gobierno indulta parcialmente a una mujer que mató a su novio maltratador,No tiene comentarios,No tiene imagen
"Madrid, preparado para la final de la Copa Libertadores",5,https://uh.gsstatic.es/sfAttachPlugin/getCachedCropContent/id/554479
Un detenido con una enfermedad contagiosa se fuga del hospital Gregorio Marañón,2,No tiene imagen
Muere un trabajador tras caer desde la azotea de un edificio en Madrid,No tiene comentarios,No tiene imagen
La mujer de 99 años desahuciada en Madrid pide que abran la vivienda para recoger su ropa y enseres,No tiene comentarios,https://uh.gsstatic.es/sfAttachPlugin/getCachedContent/id/824903/width/223
Roban en Madrid una caja fuerte de la Fundación Francisco Franco,1,No tiene imagen
La Policía detiene a un hombre por matar a indigente en el metro de Madrid,2,No tiene imagen
La mujer de 99 años desahuciada en Madrid ingresa en el hospital,2,https://uh.gsstatic.es/sfAttachPlugin/getCachedContent/id/824597/width/223
Desahuciada una mujer de 99 años que habría sido «estafada» por su nieto,3,https://uh.gsstatic.es/sfAttachPlugin/getCachedCropContent/id/552517
Roban un coche con dos niños en su interior en Madrid,2,No tiene imagen
Muere un joven tras chocar su coche contra un árbol en Madrid,1,https://uh.gsstatic.es/sfAttachPlugin/getCachedContent/id/823901/width/223
Madrid Central reduce en más de un 30 % el tráfico de la Gran Vía,1,https://uh.gsstatic.es/sfAttachPlugin/getCachedContent/id/823745/width/223
La estación de Metro de Atocha cambia de nombre,3,No tiene imagen
Madrid se blinda con 2.000 policías para el River-Boca,5,https://uh.gsstatic.es/sfAttachPlugin/getCachedCropContent/id/551655
Herida muy grave una mujer con tres cuchilladas en Madrid,No tiene comentarios,https://uh.gsstatic.es/sfAttachPlugin/getCachedCropContent/id/551573
"El 'youtuber' Dalas Review, juzgado por abuso a una menor, ve «una conspiración»",2,https://uh.gsstatic.es/sfAttachPlugin/getCachedContent/id/823421/width/223
"Madrid Central, coto al tráfico más contaminante en el distrito Centro",5,https://uh.gsstatic.es/sfAttachPlugin/getCachedContent/id/823349/width/223
Maradona llama «hijo de puta» al presidente de Conmebol por llevar la Copa Libertadores a Madrid,8,https://uh.gsstatic.es/sfAttachPlugin/getCachedCropContent/id/551437
"Delegación Gobierno, Policía y el Real Madrid tratan sobre el dispositivo de seguridad para el River-Boca",No tiene comentarios,No tiene imagen
El River-Boca se jugará en el Bernabéu el 9 de diciembre,26,https://uh.gsstatic.es/sfAttachPlugin/getCachedCropContent/id/551283
Pena de prisión para el 'youtuber' Dalas Review por abusar de una menor,1,https://uh.gsstatic.es/sfAttachPlugin/getCachedCropContent/id/551175
La Policía quiere interrogar al novio de la detenida por matar a una menor en Alcorcón,No tiene comentarios,https://uh.gsstatic.es/sfAttachPlugin/getCachedCropContent/id/550805
La Policía analiza cuchillos relacionados con el apuñalamiento de una menor en Alcorcón,1,https://uh.gsstatic.es/sfAttachPlugin/getCachedCropContent/id/550695
"Los celos, probable causa del homicidio de la menor en Alcorcón",1,https://uh.gsstatic.es/sfAttachPlugin/getCachedCropContent/id/550337
Detenida una joven de 19 años por la muerte de la menor apuñalada en Alcorcón,No tiene comentarios,https://uh.gsstatic.es/sfAttachPlugin/getCachedCropContent/id/550231
Una mujer se suicida en Madrid cuando iba a ser desahuciada,9,https://uh.gsstatic.es/sfAttachPlugin/getCachedContent/id/822021/width/223
Los padres de la menor apuñalada en Alcorcón aseguran que recibía amenazas de la novia de su expareja,1,https://uh.gsstatic.es/sfAttachPlugin/getCachedContent/id/821695/width/223
Muere una menor apuñalada en Alcorcón (Madrid),2,https://uh.gsstatic.es/sfAttachPlugin/getCachedCropContent/id/549873
Pasarela con ropa manchada de sangre contra la industria peletera en Madrid,1,https://uh.gsstatic.es/sfAttachPlugin/getCachedContent/id/821571/width/223
Prisión para el hombre que raptó a una menor tras engañarla en un chat,No tiene comentarios,https://uh.gsstatic.es/sfAttachPlugin/getCachedContent/id/820627/width/223
Atropello mortal en Madrid,No tiene comentarios,https://uh.gsstatic.es/sfAttachPlugin/getCachedCropContent/id/548625
Los dogos de Burdeos acabaron primero con la vida de su dueña,11,https://uh.gsstatic.es/sfAttachPlugin/getCachedContent/id/820559/width/223
"El dogo de Burdeos, un perro con una gran fuerza que no está en la lista de los potencialmente peligrosos",6,https://uh.gsstatic.es/sfAttachPlugin/getCachedContent/id/820453/width/223
Una madre e hija fallecen al ser atacadas por sus perros en Madrid,15,https://uh.gsstatic.es/sfAttachPlugin/getCachedCropContent/id/548333
Detenido tras raptar a una menor en Madrid con la que contactó por internet,1,https://uh.gsstatic.es/sfAttachPlugin/getCachedContent/id/819341/width/223
"Herido de gravedad un joven que resultó apuñalado en una reyerta en una vivienda de San Blas, en Madrid",No tiene comentarios,https://uh.gsstatic.es/sfAttachPlugin/getCachedContent/id/817515/width/223
17 detenidos y 23 mujeres liberadas en una operación contra la trata en pisos de Madrid,1,https://uh.gsstatic.es/sfAttachPlugin/getCachedContent/id/817363/width/223
Muere atropellado un hombre tras viajar de polizón en una furgoneta y caer a la carretera,No tiene comentarios,No tiene imagen
Echenique da por hecho que Maestre y el resto de concejales ya no son de Podemos,No tiene comentarios,No tiene imagen
Un coche lanzado desde un camión permite robar 70.000 euros en móviles en Madrid,2,https://uh.gsstatic.es/sfAttachPlugin/getCachedContent/id/816415/width/223
Estos son los seres vivos más singulares (y monos) de Madrid,No tiene comentarios,https://uh.gsstatic.es/sfAttachPlugin/getCachedCropContent/id/545007
Rita Maestre y otros cinco ediles cercanos a Carmena se retiran de las primarias de Madrid,6,https://uh.gsstatic.es/sfAttachPlugin/getCachedContent/id/816369/width/223
Apuñalan mortalmente al dueño de una tetería de la que no querían irse al cerrar,No tiene comentarios,https://uh.gsstatic.es/sfAttachPlugin/getCachedCropContent/id/544197
Herido grave al ser agredido a las puertas de una discoteca en Madrid,No tiene comentarios,https://uh.gsstatic.es/sfAttachPlugin/getCachedContent/id/815115/width/223
Herido muy grave un chico de 14 años al ser arrollado en Entrevías (Madrid),No tiene comentarios,https://uh.gsstatic.es/sfAttachPlugin/getCachedCropContent/id/543367
"Amordazan a cuatro personas en un robo en su chalé en El Escorial, Madrid",1,https://uh.gsstatic.es/sfAttachPlugin/getCachedContent/id/812497/width/223
Detenido en Madrid un conductor de la EMT por dar positivo en cocaína y hachís tras atropellar a una mujer,3,https://uh.gsstatic.es/sfAttachPlugin/getCachedContent/id/811751/width/223
Cinco comercios asaltados en una hora a bordo de una moto robada,No tiene comentarios,https://uh.gsstatic.es/sfAttachPlugin/getCachedContent/id/809809/width/223
A prisión cuatro hombres por violar a una mujer discapacitada en Madrid,2,https://uh.gsstatic.es/sfAttachPlugin/getCachedCropContent/id/539265
Herido grave un hombre al cruzar e impactar contra la luna delantera de un coche,No tiene comentarios,https://uh.gsstatic.es/sfAttachPlugin/getCachedCropContent/id/537927
Detenido por matar a golpes a un hombre tras acabar una despedida de soltero en una churrería en Madrid,2,https://uh.gsstatic.es/sfAttachPlugin/getCachedContent/id/807877/width/223
Bomberos de toda España reivindican una Ley Marco que regule la profesión,2,https://uh.gsstatic.es/sfAttachPlugin/getCachedCropContent/id/536967
Detenido uno de los mayores pederastas de España tras una discusión en unos juzgados de Madrid,2,No tiene imagen
Fallece una bebé de 16 meses tras ahogarse con la cuerda de una persiana,No tiene comentarios,https://uh.gsstatic.es/sfAttachPlugin/getCachedCropContent/id/536201
El Ayuntamiento de Madrid expedienta a Echenique por obras sin licencia en su piso en el barrio de Salamanca,33,https://uh.gsstatic.es/sfAttachPlugin/getCachedCropContent/id/535735
Doble atropello de dos peatones en el distrito de Fuencarral de Madrid,No tiene comentarios,https://uh.gsstatic.es/sfAttachPlugin/getCachedContent/id/805085/width/223
Detenidos dos chicos de 14 años por agredir sexualmente a una chica de 17 en Madrid,1,https://uh.gsstatic.es/sfAttachPlugin/getCachedCropContent/id/534811
Una menor de 13 años muere atropellada en Avenida de la Ilustración,No tiene comentarios,No tiene imagen
Muere un hombre tras una agresión en el paseo de las Delicias de Madrid,No tiene comentarios,https://uh.gsstatic.es/sfAttachPlugin/getCachedContent/id/802613/width/223
El padre que olvidó a su hija en un coche en Madrid: «Estoy seguro de que la dejé en la guardería»,3,https://uh.gsstatic.es/sfAttachPlugin/getCachedCropContent/id/531587
Fallece un conductor en un accidente de tráfico en la M-50 de Madrid,No tiene comentarios,https://uh.gsstatic.es/sfAttachPlugin/getCachedCropContent/id/531369
Dos trabajadores graves por electrocución en unos talleres de Madrid,No tiene comentarios,https://uh.gsstatic.es/sfAttachPlugin/getCachedContent/id/801825/width/223
Herido muy grave al ser atropellado tras soltarse el perro,1,https://uh.gsstatic.es/sfAttachPlugin/getCachedContent/id/801501/width/223
Hallan a un hombre muerto en una alcantarilla a la que bajó para buscar unas llaves,No tiene comentarios,https://uh.gsstatic.es/sfAttachPlugin/getCachedContent/id/800753/width/223
Investigan la identidad de una mujer descuartizada hallada en un maleta en agosto,No tiene comentarios,No tiene imagen
Más de 30 personas intoxicadas por inhalación de humo en el incendio de un edificio en Madrid,No tiene comentarios,No tiene imagen
"Un joven, en estado muy grave tras recibir cinco puñaladas en Villaverde, Madrid",No tiene comentarios,https://uh.gsstatic.es/sfAttachPlugin/getCachedContent/id/798161/width/223
Muere un menor en Madrid al caer de un undécimo piso mientras practicaba 'parkour',4,https://uh.gsstatic.es/sfAttachPlugin/getCachedCropContent/id/527501
Detenido un hombre en Madrid por llamar repetidas veces al 112 alertando de emergencias falsas,No tiene comentarios,No tiene imagen
Una sentencia prima los vínculos afectivos de una menor con su tía por encima de los de 'sangre' con su padre,2,https://uh.gsstatic.es/sfAttachPlugin/getCachedContent/id/797523/width/223
En estado crítico un joven de 20 años tras ser agredido con arma blanca en las fiestas de La Elipa,1,https://uh.gsstatic.es/sfAttachPlugin/getCachedCropContent/id/526871
Una diputada del PP se refiere a Franco como «el caudillo que ganó la Guerra hace 82 años»,25,No tiene imagen
Un aterrizaje en Madrid como nunca antes lo habían visto,12,No tiene imagen
Siguen buscando a los violadores de dos menores en Majadahonda,3,https://uh.gsstatic.es/sfAttachPlugin/getCachedContent/id/796441/width/223
"El forjado del Ritz cayó por sobrecarga en la última planta, según la principal hipótesis policial",No tiene comentarios,https://uh.gsstatic.es/sfAttachPlugin/getCachedCropContent/id/525567
CCOO pide investigar las causas del derrumbe del Ritz,No tiene comentarios,No tiene imagen
Un fallecido y 11 heridos en un derrumbe en las obras del hotel Ritz de Madrid,3,https://uh.gsstatic.es/sfAttachPlugin/getCachedCropContent/id/525293
"Pega a su mujer, incendia su casa y muere tras tirarse por la ventana en Vallecas",3,No tiene imagen
Varios atendidos tras una explosión en la estación de metro Príncipe de Vergara en Madrid,No tiene comentarios,https://uh.gsstatic.es/sfAttachPlugin/getCachedContent/id/795141/width/223
Muere un obrero en Madrid al caerle una carga de sacos de cemento desde una altura de 20 metros,No tiene comentarios,https://uh.gsstatic.es/sfAttachPlugin/getCachedCropContent/id/523909
Expectación por la aparición de un cachalote en Madrid,22,https://uh.gsstatic.es/sfAttachPlugin/getCachedCropContent/id/523899
"Decenas de atendidos tras un incendio en una vivienda de Pozuelo de Alarcón, Madrid",1,No tiene imagen
Detenida por lanzar piedras y botellas a unos adolescentes que se negaron a mantener sexo con ella,17,No tiene imagen
Marcelo pacta con la Fiscalía cuatro meses de cárcel y paga 753.000 euros por defraudar a Hacienda,4,https://uh.gsstatic.es/sfAttachPlugin/getCachedCropContent/id/522821
Detenido un hombre tras asesinar a puñaladas a su expareja en Madrid,No tiene comentarios,https://uh.gsstatic.es/sfAttachPlugin/getCachedContent/id/792739/width/223
"Muere un conductor en un accidente a la altura de Navalcarnero, Madrid",1,https://uh.gsstatic.es/sfAttachPlugin/getCachedCropContent/id/521775
Fallece en Madrid un repartidor de 35 años tras caerse por el hueco de una escalera,1,No tiene imagen
Carmena anuncia la instalación de las 30 primeras placas de víctimas del terrorismo en Madrid,No tiene comentarios,No tiene imagen
La peor tragedia de los bomberos de Madrid,8,https://uh.gsstatic.es/sfAttachPlugin/getCachedCropContent/id/520693
Incautados 67 kilos de cocaína del interior de piñas huecas en Mercamadrid,4,https://uh.gsstatic.es/sfAttachPlugin/getCachedCropContent/id/517975
Un violento choque frontal causa heridas a dos conductores en Madrid,1,No tiene imagen
La estación de Metro de Gran Vía de Madrid cierra hasta abril para mejorar sus servicios,No tiene comentarios,https://uh.gsstatic.es/sfAttachPlugin/getCachedCropContent/id/515947
Un 'kamikaze' circula 19 kilómetros en sentido contrario por la M-30 y causa 8 heridos,1,https://uh.gsstatic.es/sfAttachPlugin/getCachedCropContent/id/515669
"Villar Mir sale del Proyecto Canalejas al vender a OHL su participación del 32,5% por 50 millones",1,No tiene imagen
Muere el conductor de un autobús en un accidente múltiple con nueve heridos en Madrid,No tiene comentarios,No tiene imagen
La perforación de una tubería de gas obliga a cortar la Gran Vía de Madrid,No tiene comentarios,https://uh.gsstatic.es/sfAttachPlugin/getCachedContent/id/782153/width/223
En estado grave un hombre con una temperatura corporal de 43 grados en Madrid,1,https://uh.gsstatic.es/sfAttachPlugin/getCachedContent/id/782049/width/223
Amenaza de muerte y agrede al concejal que le cerró su horno de leña,No tiene comentarios,https://uh.gsstatic.es/sfAttachPlugin/getCachedContent/id/781777/width/223
Detenido un hombre por abandonar a su hija de 11 años en un hotel para irse a una discoteca,2,https://uh.gsstatic.es/sfAttachPlugin/getCachedCropContent/id/508791
"Golpe al fraude del vino exclusivo, 1.900 euros por una botella de 19 euros",7,https://uh.gsstatic.es/sfAttachPlugin/getCachedCropContent/id/508021
Condenados dos sanitarios por dejar morir a un hombre a 70 metros de su centro de salud,8,https://uh.gsstatic.es/sfAttachPlugin/getCachedCropContent/id/508003
La Audiencia Provincial de Madrid confirma la absolución del 'Pequeño Nicolás' por injurias y calumnias al CNI,No tiene comentarios,No tiene imagen
Clausuran un restaurante asiático en Madrid por graves deficiencias de higiene y salubridad,2,https://uh.gsstatic.es/sfAttachPlugin/getCachedCropContent/id/507223
Un hombre evita un robo violento en plena calle en Madrid,2,No tiene imagen
La huelga de Amazon acaba con 2 detenidos y los sindicatos condenan la carga policial,No tiene comentarios,https://uh.gsstatic.es/sfAttachPlugin/getCachedContent/id/774273/width/223
Así actuaron los bomberos de Madrid para rescatar el autobús que quedó colgando de un puente,1,https://uh.gsstatic.es/sfAttachPlugin/getCachedContent/id/773031/width/223
Rescatado el conductor de un bus lanzadera del Mad Cool tras quedar suspendido de un puente,2,https://uh.gsstatic.es/sfAttachPlugin/getCachedCropContent/id/505609
Fallece el niño que se ahogó el sábado en un parque acuático de Madrid,1,No tiene imagen
Rescatan a 191 perros maltratados de un centro canino,1,No tiene imagen
Muere un joven de 21 años apuñalado por la espalda,1,No tiene imagen
Hallan un cadáver en el hueco de un ascensor del Hospital de La Paz,No tiene comentarios,https://uh.gsstatic.es/sfAttachPlugin/getCachedContent/id/770555/width/223
Fallece intoxicada una mujer cuando limpiaba con amoníaco en Madrid,1,No tiene imagen
Detenido en Madrid por patear a su novia embarazada,1,No tiene imagen
49 años de cárcel para el exprofesor del Valdeluz por 12 abusos a menores,No tiene comentarios,https://uh.gsstatic.es/sfAttachPlugin/getCachedContent/id/770051/width/223
Un detenido tras la muerte de su pareja hallada con un golpe en la cabeza en Madrid,1,https://uh.gsstatic.es/sfAttachPlugin/getCachedContent/id/770045/width/223
Un detenido tras el hallazgo de una mujer ahorcada en Madrid en un caso de violencia machista,No tiene comentarios,https://uh.gsstatic.es/sfAttachPlugin/getCachedContent/id/769299/width/223
Detenido un indigente por matar a otro a golpes en un parque de Madrid,1,No tiene imagen
La Policía desaloja el inmueble 'okupado' por los ultras de Hogar Social Madrid,No tiene comentarios,https://uh.gsstatic.es/sfAttachPlugin/getCachedContent/id/767723/width/223
Muerden a varios guardias civiles tras agredir a una empleada y un vigilante,3,No tiene imagen
Un juez procesa al 'pequeño Nicolás' por estafar a un empresario con la compraventa de un inmueble en Toledo,No tiene comentarios,No tiene imagen
Muere el hombre que se ha quemado a lo bonzo y herido de gravedad a familia,No tiene comentarios,No tiene imagen
Un hombre se quema a lo bonzo en Madrid hiriendo a parte de su familia cuando su mujer le ha dicho que se separaba,5,No tiene imagen
Un perro peligroso suelto y sin bozal muerde a un bebé en Madrid,8,https://uh.gsstatic.es/sfAttachPlugin/getCachedContent/id/765867/width/223
Muere un hombre al recibir tres disparos durante las fiestas de Parla,No tiene comentarios,No tiene imagen
Un «pequeño tornado» causa daños en Alcorcón,No tiene comentarios,https://uh.gsstatic.es/sfAttachPlugin/getCachedCropContent/id/496529
Un 'ángel de la guarda' en el metro de Madrid,2,https://uh.gsstatic.es/sfAttachPlugin/getCachedCropContent/id/496469
Una pareja gay denuncia al dueño de un piso que rechazó alquilárselo porque los vecinos «no lo entenderían»,11,No tiene imagen
Detenido el organizador de una fiesta por retener a 30 menores en una discoteca de Madrid,1,No tiene imagen
Un joven salva la vida a un conductor que sufrió un infarto en Madrid,3,https://uh.gsstatic.es/sfAttachPlugin/getCachedCropContent/id/495411
"El hijo de Luis Bárcenas, sin poder acceder a su casa por el derrumbe de un edificio en Madrid",5,https://uh.gsstatic.es/sfAttachPlugin/getCachedContent/id/753821/width/223
Detenido un refugiado acusado de intentar violar a una joven en un albergue de Madrid,4,No tiene imagen
Los bomberos buscan a dos obreros entre los escombros de un edificio que se ha derrumbado en Madrid,1,https://uh.gsstatic.es/sfAttachPlugin/getCachedContent/id/753093/width/223
En estado muy grave una mujer al arder el sofá en el que estaba sentada,No tiene comentarios,https://uh.gsstatic.es/sfAttachPlugin/getCachedContent/id/751381/width/223
"Garrido recuerda en su discurso de investidura a Cifuentes, «una profesional entregada al servicio público»",2,https://uh.gsstatic.es/sfAttachPlugin/getCachedContent/id/751353/width/223
"Nacen dos potrillos gemelos en Madrid, una rareza en el mundo equino",1,https://uh.gsstatic.es/sfAttachPlugin/getCachedCropContent/id/486115
La Complutense asigna a Cifuentes un puesto en Gerencia del Rectorado,16,https://uh.gsstatic.es/sfAttachPlugin/getCachedContent/id/747639/width/223
Atropello grave en Madrid,No tiene comentarios,https://uh.gsstatic.es/sfAttachPlugin/getCachedCropContent/id/485251
Detenido un conductor que compartía sus temeridades en las redes sociales,1,No tiene imagen
Ingresado grave un ciclista con varias picaduras de abeja,7,https://uh.gsstatic.es/sfAttachPlugin/getCachedCropContent/id/484987
Corte y desalojo en la calle Alcalá de Madrid por un escape de gas,No tiene comentarios,https://uh.gsstatic.es/sfAttachPlugin/getCachedCropContent/id/484931
Cristina Cifuentes renuncia a su acta de diputada en la Asamblea de Madrid,3,https://uh.gsstatic.es/sfAttachPlugin/getCachedContent/id/746791/width/223
Herida una joven al intentar quitar a su pareja el cuchillo con el que la amenazaba,No tiene comentarios,No tiene imagen
Muere un escolta de Mariano Rajoy en un accidente de moto en Madrid,3,https://uh.gsstatic.es/sfAttachPlugin/getCachedCropContent/id/484529
El PP despeja este lunes la incógnita sobre la sucesión de Cifuentes,1,No tiene imagen
Hallan muertos al médico desaparecido y a otro hombre en un piso de Alcalá de Henares,No tiene comentarios,https://uh.gsstatic.es/sfAttachPlugin/getCachedCropContent/id/483747
La Guardia Civil pide colaboración para localizar a un joven médico desaparecido en Madrid,No tiene comentarios,https://uh.gsstatic.es/sfAttachPlugin/getCachedCropContent/id/483743
Muere el niño de 3 años atropellado por un coche que daba marcha atrás,5,https://uh.gsstatic.es/sfAttachPlugin/getCachedCropContent/id/483591
Muy grave un niño de 3 años atropellado por un coche que daba marcha atrás,1,https://uh.gsstatic.es/sfAttachPlugin/getCachedContent/id/744821/width/223
En libertad 11 ultras del Real Madrid y del Rayo detenidos por una pelea,No tiene comentarios,https://uh.gsstatic.es/sfAttachPlugin/getCachedCropContent/id/479921
Atropello mortal con fuga en Madrid,2,https://uh.gsstatic.es/sfAttachPlugin/getCachedCropContent/id/479797
La Fiscalía de Madrid se querella contra la esposa de Posada por fraude a Hacienda,No tiene comentarios,No tiene imagen
Condenado a 20 años de prisión por empujar a un policía a las vías del metro,2,No tiene imagen
Investigan a tres trabajadoras de un colegio de Getafe por maltratar a un niño autista,No tiene comentarios,https://uh.gsstatic.es/sfAttachPlugin/getCachedCropContent/id/478149
Goyito y la 'banda de los cien antecedentes' actúan de nuevo en Madrid,1,https://uh.gsstatic.es/sfAttachPlugin/getCachedCropContent/id/478073
Rivera dice que la carta de Cifuentes es la «confesión» de sus «mentiras»,1,https://uh.gsstatic.es/sfAttachPlugin/getCachedContent/id/736923/width/223
La universidad suspende de sus funciones al responsable del máster y abre la puerta a quitar el título a Cifuentes,26,https://uh.gsstatic.es/sfAttachPlugin/getCachedCropContent/id/476521
Cifuentes afirma que Ciudadanos quiere derribarla para entregar el gobierno a la izquierda,17,https://uh.gsstatic.es/sfAttachPlugin/getCachedCropContent/id/476133
Una profesora de Cifuentes reafirma que falsificaron su firma en el acta,5,No tiene imagen
Muere un hombre con heridas de arma blanca en Madrid,No tiene comentarios,No tiene imagen
Localizada en Madrid una chica de 14 años fugada que ejercía la prostitución,1,No tiene imagen
Primera dimisión por el polémico máster de Cristina Cifuentes,13,https://uh.gsstatic.es/sfAttachPlugin/getCachedContent/id/733665/width/223
Cientos de alumnos exigen la dimisión de Cifuentes y del rector de la URJC,12,https://uh.gsstatic.es/sfAttachPlugin/getCachedContent/id/733311/width/223
La Asamblea de Madrid admite a trámite la moción de censura contra Cifuentes,4,https://uh.gsstatic.es/sfAttachPlugin/getCachedCropContent/id/475107
Sánchez exige a Ciudadanos que apoye la moción a Cifuentes,No tiene comentarios,No tiene imagen
Ciudadanos da el paso y pide la dimisión de Cristina Cifuentes,8,https://uh.gsstatic.es/sfAttachPlugin/getCachedCropContent/id/475055
El rector de la Rey Juan Carlos dice que no se puede constatar que Cifuentes defendiese su trabajo,9,https://uh.gsstatic.es/sfAttachPlugin/getCachedCropContent/id/474245
Hallados restos biológicos de la desaparecida de Madrid en el coche de su pareja,No tiene comentarios,https://uh.gsstatic.es/sfAttachPlugin/getCachedCropContent/id/474223
El director del máster de Cifuentes dice que «reconstruyó» el acta por orden del rector,10,https://uh.gsstatic.es/sfAttachPlugin/getCachedCropContent/id/474153
La Fiscalía abre una investigación penal sobre el máster de Cifuentes,No tiene comentarios,No tiene imagen
Una profesora afirma que no evaluó a Cifuentes y que su firma fue falsificada,12,https://uh.gsstatic.es/sfAttachPlugin/getCachedCropContent/id/473961
La Universidad Rey Juan Carlos pedirá a la Fiscalía que investigue si hubo delito con las calificaciones del máster de Cifuentes,6,https://uh.gsstatic.es/sfAttachPlugin/getCachedCropContent/id/473939
El Retiro permanecerá cerrado hasta el próximo viernes,No tiene comentarios,No tiene imagen
Parto en la M30 de Madrid,2,https://uh.gsstatic.es/sfAttachPlugin/getCachedContent/id/728507/width/223
Un perro suelto y sin bozal muerde a un bebé en Madrid,28,https://uh.gsstatic.es/sfAttachPlugin/getCachedCropContent/id/472141
El Ayuntamiento de Madrid mantendrá cerrado el Retiro toda la semana,1,https://uh.gsstatic.es/sfAttachPlugin/getCachedContent/id/727577/width/223
Cifuentes se querellará contra los periodistas que informaron sobre su máster,18,https://uh.gsstatic.es/sfAttachPlugin/getCachedContent/id/727103/width/223
Tres jóvenes heridos en un violento choque frontal en Madrid,No tiene comentarios,No tiene imagen
La oposición en bloque exige explicaciones «más convincentes» a Cifuentes,2,No tiene imagen
Tres menores detenidos por robar e intimidar a jóvenes con un arma de fuego en Madrid,1,https://uh.gsstatic.es/sfAttachPlugin/getCachedContent/id/725189/width/223
El padre de los niños de Getafe explica en una carta que los mató para que no sufrieran,14,https://uh.gsstatic.es/sfAttachPlugin/getCachedContent/id/724853/width/223
Detenido al intentar quemarse a lo bonzo a las puertas de una sede de Hacienda en Madrid,1,https://uh.gsstatic.es/sfAttachPlugin/getCachedContent/id/724713/width/223
La policía cree que el padre de los menores muertos en Getafe provocó el incendio y luego se suicidó,1,https://uh.gsstatic.es/sfAttachPlugin/getCachedCropContent/id/469301
Dos niños mueren en un incendio en Getafe y poco después su padre fallece arrollado por un tren,No tiene comentarios,https://uh.gsstatic.es/sfAttachPlugin/getCachedContent/id/724447/width/223
Destrozos de coches en el barrio de Lavapiés,12,https://uh.gsstatic.es/sfAttachPlugin/getCachedCropContent/id/468341
Cargas policiales en Lavapiés tras la llegada del cónsul de Senegal,26,https://uh.gsstatic.es/sfAttachPlugin/getCachedCropContent/id/467925
El PP acusa a la formación de Carmena de alentar los disturbios de Lavapiés,1,No tiene imagen
Cifuentes llama a la cautela tras los supuestos intentos de secuestro en colegios de Madrid,No tiene comentarios,https://uh.gsstatic.es/sfAttachPlugin/getCachedContent/id/722283/width/223
El director de la Policía apunta a que quizá los radicales se aprovecharon del muerto en Lavapiés,No tiene comentarios,No tiene imagen
"Iglesias ve «inaceptable» que un mantero, que «trabaja para vivir, tenga que salir corriendo»",96,https://uh.gsstatic.es/sfAttachPlugin/getCachedCropContent/id/467753
Voces de Podemos piden que se investigue la muerte de un mantero en Madrid,3,No tiene imagen
Seis detenidos y 10 policías heridos en la protesta por la muerte de un mantero en Madrid,8,https://uh.gsstatic.es/sfAttachPlugin/getCachedCropContent/id/467685
Cifuentes tumba la LEMES del PP tras equivocarse en la votación y hace que prospere el texto alternativo de Podemos,8,https://uh.gsstatic.es/sfAttachPlugin/getCachedCropContent/id/467447
Una joven de 19 años mata a su hija recién nacida y la esconde en un armario en casa de sus suegros,9,No tiene imagen
Nuevo intento de secuestro de una niña a la salida de un colegio de Madrid,No tiene comentarios,https://uh.gsstatic.es/sfAttachPlugin/getCachedCropContent/id/467335
Reforzada la vigilancia en el entorno de colegios de Madrid ante los intentos de rapto de niños,3,https://uh.gsstatic.es/sfAttachPlugin/getCachedCropContent/id/467169
Un aparatoso incendio obliga a desalojar más de 150 viviendas en Madrid,No tiene comentarios,https://uh.gsstatic.es/sfAttachPlugin/getCachedContent/id/721263/width/223
Herido grave un hombre agredido con arma blanca en Alcalá de Henares,No tiene comentarios,No tiene imagen
Dos sicarios profesionales acaban a tiros con la vida de un miembro de la banda de 'Los Miami',1,https://uh.gsstatic.es/sfAttachPlugin/getCachedContent/id/720653/width/223
Investigan un intento de secuestro en un colegio de Madrid,1,https://uh.gsstatic.es/sfAttachPlugin/getCachedCropContent/id/464675
Robo con alunizaje en la tienda del estadio del Atlético de Madrid,No tiene comentarios,https://uh.gsstatic.es/sfAttachPlugin/getCachedCropContent/id/464301
"Detenido por agredir a su pareja, a la que no dejaba comer y tenía que ir a comedores sociales con su bebé",4,No tiene imagen
Un tiroteo mortal en Madrid pudo estar relacionado con enfrentamientos entre bandas latinas,No tiene comentarios,https://uh.gsstatic.es/sfAttachPlugin/getCachedContent/id/716991/width/223
Detenida una madre por encerrar a su niño solo con un pitbull en casa,4,No tiene imagen
"Nueve años de cárcel por drogar a su expareja, atarla a la cama y golpearla durante toda la noche",No tiene comentarios,No tiene imagen
Condenado a 9 años de cárcel por encadenar a la cama a su expareja y golpearla en presencia de sus tres hijos menores,No tiene comentarios,No tiene imagen
Nace un niño en una vivienda de Madrid tras solo 24 semanas de gestación,No tiene comentarios,No tiene imagen
El cadáver de un niño de 7 años permanece 20 horas en su casa al no poder pagar a la funeraria,18,https://uh.gsstatic.es/sfAttachPlugin/getCachedCropContent/id/460973
Atendidos 18 niños al caerles un nido de orugas mientras jugaban en el patio del colegio,19,https://uh.gsstatic.es/sfAttachPlugin/getCachedCropContent/id/459955
"Detenido por agresión sexual a la hija de su pareja, de 10 años",No tiene comentarios,No tiene imagen
Desalojados 190 menores que asistían a una fiesta ilegal,No tiene comentarios,No tiene imagen
Aparece una pintada contraria a los refugiados frente a un edificio habilitado por el Ayuntamiento de Madrid para acogerlos,8,https://uh.gsstatic.es/sfAttachPlugin/getCachedContent/id/575583/width/223
Detenido por agredir sexualmente a cinco chicas a la salida del metro de Madrid,No tiene comentarios,https://uh.gsstatic.es/sfAttachPlugin/getCachedCropContent/id/455531
La nieve genera problemas circulatorios en el centro de Madrid,2,No tiene imagen
El Drawing Room Madrid expone los dibujos de 9 artistas baleares,No tiene comentarios,No tiene imagen
Un juez obliga a una empresa a readmitir a una mujer despedida por ausentarse por un juicio por violencia de género,2,No tiene imagen
Detenida una mujer que abandonó a su bebé de tres días en una parroquia en Madrid,3,https://uh.gsstatic.es/sfAttachPlugin/getCachedCropContent/id/453793
Detenido un hombre en Madrid por dejar a su bebé varias horas en un coche mientras jugaba a las tragaperras,No tiene comentarios,No tiene imagen
Dos individuos le rajan el cuello a un taxista en Móstoles para robarle,No tiene comentarios,No tiene imagen
"Dos familias denuncian acoso, amenazas y agresiones de otros escolares a sus hijos en un colegio de Alcorcón",2,https://uh.gsstatic.es/sfAttachPlugin/getCachedContent/id/570705/width/223
"Detenido un chico de 18 años por agredir a su pareja, amenazarla de muerte y encerrarla en el armario",No tiene comentarios,https://uh.gsstatic.es/sfAttachPlugin/getCachedCropContent/id/450827
Liberada una menor en Madrid captada a través redes sociales para ser explotada sexualmente,No tiene comentarios,No tiene imagen
Un colegio concertado de Madrid exige a sus profesoras vestirse con «pudor»,10,No tiene imagen
Aparatoso rescate tras el incendio de una vivienda en Fuenlabrada,No tiene comentarios,No tiene imagen
"Decenas de vehículos, atrapados en las carreteras españolas por el temporal de nieve",8,https://uh.gsstatic.es/sfAttachPlugin/getCachedCropContent/id/445053
Luis del Val llama «maricones de mierda» al colectivo Orgullo Vallecano,46,https://uh.gsstatic.es/sfAttachPlugin/getCachedCropContent/id/444585
El juez rechaza las medidas cautelares para impedir la participación de la carroza LGTBI de Vallecas,1,No tiene imagen
El PP cree que la 'drag queen' en la Cabalgata de Vallecas podría «confundir a los niños»,5,No tiene imagen
Vallecas no contará con reinas magas drag queen pero mantiene a las tres artistas disfrazadas con otro atuendo,No tiene comentarios,https://uh.gsstatic.es/sfAttachPlugin/getCachedCropContent/id/443631
Polémica en Vallecas por una carroza 'drag' en la cabalgata de Reyes Magos,7,https://uh.gsstatic.es/sfAttachPlugin/getCachedCropContent/id/443357
Los perros que hirieron a un niño de 3 años en El Molar no estaban registrados,No tiene comentarios,No tiene imagen
La Guardia Civil retira diez perros de la finca donde fue herido de gravedad un niño por mordeduras,1,https://uh.gsstatic.es/sfAttachPlugin/getCachedCropContent/id/442501
Un niño de 3 años pierde las orejas por el ataque de un perro,5,No tiene imagen
Detenidos cinco menores que perseguían machete en mano a un joven en Madrid,5,No tiene imagen
Un matrimonio resulta con heridas graves al descolgarse un ascensor en Madrid,No tiene comentarios,No tiene imagen
Localizada la mujer que derramó ácido en un autobús y quemó a dos pasajeros en Madrid,No tiene comentarios,https://uh.gsstatic.es/sfAttachPlugin/getCachedContent/id/554357/width/223
Un joven de 20 años y un hombre de 52 fallecen en un choque frontal en Madrid,No tiene comentarios,https://uh.gsstatic.es/sfAttachPlugin/getCachedCropContent/id/440667
Un juzgado suspende los paros de los empleados de seguridad de Barajas,No tiene comentarios,https://uh.gsstatic.es/sfAttachPlugin/getCachedContent/id/551991/width/223
"Buscan a una menor de 12 años que desapareció hace unos días en el distrito de San Blas, Madrid",No tiene comentarios,https://uh.gsstatic.es/sfAttachPlugin/getCachedCropContent/id/439661
Un motorista sufre un accidente y le descubren 4 puñaladas que dice que se hizo él mismo,No tiene comentarios,No tiene imagen
Investigan la muerte de un hombre seccionado por la puerta corredera de un garaje en Torrelodones,No tiene comentarios,No tiene imagen
Más de 80 desalojados por un incendio en las chabolas de la Cañada Real de Madrid,1,https://uh.gsstatic.es/sfAttachPlugin/getCachedCropContent/id/436065
Detenido un joven próximo al Frente Atlético por agredir a un vigilante que perdió un ojo,3,No tiene imagen
Insultos tránsfobos a Carla Antonelli en Twitter: «Cuando menstrúes serás mujer»,19,https://uh.gsstatic.es/sfAttachPlugin/getCachedCropContent/id/434011
Una fallecida y más de 20 intoxicados en el incendio de una vivienda en Madrid,No tiene comentarios,https://uh.gsstatic.es/sfAttachPlugin/getCachedContent/id/541159/width/223
Retiran un anuncio que buscaba «camarera sexy y mínimo talla 95 de pecho»,9,https://uh.gsstatic.es/sfAttachPlugin/getCachedCropContent/id/432173
Hallan en el desahucio de una casa en Madrid a un hombre que llevaba muerto 4 años,No tiene comentarios,No tiene imagen
Madrid sólo permitirá andar en un sentido en sus principales calles comerciales,17,https://uh.gsstatic.es/sfAttachPlugin/getCachedCropContent/id/431743
El Supremo confirma 45 años de cárcel a un profesor de Madrid por abusar de 9 niños,No tiene comentarios,No tiene imagen
Iglesias tacha de «gentuza» y «fascista» a los agentes que le insultan en un chat,9,No tiene imagen
El juez pide a la policía de Madrid datos sobre los agentes que amenazaron en un chat a Manuela Carmena,1,https://uh.gsstatic.es/sfAttachPlugin/getCachedContent/id/538063/width/223
Tirotean desde un coche a agentes de la Guardia Civil en Pinto,No tiene comentarios,No tiene imagen
La Policía investiga la agresión a un vigilante del Wanda Metropolitano que perdió un ojo,1,https://uh.gsstatic.es/sfAttachPlugin/getCachedContent/id/537911/width/223
Investigan insultos y amenazas a Carmena en un chat de policías,8,https://uh.gsstatic.es/sfAttachPlugin/getCachedCropContent/id/430765
Buscan a un joven desaparecido hace cuatro días en Getafe,No tiene comentarios,https://uh.gsstatic.es/sfAttachPlugin/getCachedCropContent/id/430667
"Atraco con rehenes a una oficina de Bankia en Usera, Madrid",No tiene comentarios,https://uh.gsstatic.es/sfAttachPlugin/getCachedCropContent/id/429399
"Detenidos por robar coches en aparcamientos, uno de ellos con un bebé dentro",No tiene comentarios,No tiene imagen
La Policía Municipal de Madrid abre un atestado por conducción temeraria a un taxista grabado esnifando cocaína,1,No tiene imagen
Hacienda interviene las cuentas del Ayuntamiento de Madrid,25,https://uh.gsstatic.es/sfAttachPlugin/getCachedContent/id/532587/width/223
Recompensa de 10.000 euros por un perro perdido en Alcalá,1,https://uh.gsstatic.es/sfAttachPlugin/getCachedCropContent/id/426039
Fallece una mujer atropellada por un familiar que daba marcha atrás en su garaje,No tiene comentarios,No tiene imagen
"Detenido tras entregar 3,5 kilos de cocaína a la persona equivocada",3,No tiene imagen
Liberan a un niño en Rumanía que estaba siendo torturado por su padre para chantajear a su madre en Madrid,No tiene comentarios,No tiene imagen
El asesinato de la menor en Madrid pudo cometerse tras quedarse sola en casa,1,No tiene imagen
El Ayuntamiento de Madrid se querellará por los «crímenes contra la humanidad» del franquismo,3,No tiene imagen
Detenido en Madrid un presunto yihadista que se escondía en casas ocupadas,No tiene comentarios,https://uh.gsstatic.es/sfAttachPlugin/getCachedCropContent/id/423497
Liberado en Madrid a un hombre de 34 años víctima de un 'secuestro exprés' y arrestan a sus captores,3,No tiene imagen
"Detenido en Madrid Yusuf Galan, el único español condenado por el 11-S",1,https://uh.gsstatic.es/sfAttachPlugin/getCachedCropContent/id/421627
Un detenido en Madrid por su presunta pertenencia a Dáesh,No tiene comentarios,No tiene imagen
"Las obras del Edificio España, que albergará un hotel de RIU, han arrancado este lunes",No tiene comentarios,No tiene imagen
"Un hombre de 30 años, muy grave tras recibir un tiro en la cabeza en Madrid",No tiene comentarios,No tiene imagen
Piden 10 años de cárcel a un hombre que intentó raptar a una mujer haciéndose pasar por Guardia Cilvil,No tiene comentarios,No tiene imagen
Dos personas mueren calcinadas en un accidente de tráfico cerca de Madrid,No tiene comentarios,https://uh.gsstatic.es/sfAttachPlugin/getCachedCropContent/id/415009
Madrid rectifica y no cerrará definitivamente la Gran Vía al tráfico,4,https://uh.gsstatic.es/sfAttachPlugin/getCachedCropContent/id/414821
Un policía local fuera de servicio reduce a un agresor que acababa de apuñalar a su pareja,4,No tiene imagen
La Gran Vía de Madrid será peatonal desde Navidad,No tiene comentarios,https://uh.gsstatic.es/sfAttachPlugin/getCachedCropContent/id/414401
Muere un trabajador mientras reparaba un escape de agua en una base militar de Colmenar Viejo,2,No tiene imagen
El detenido por la pelea en el Metro de Madrid que disparó una pistola de fogueo es menor de edad,No tiene comentarios,No tiene imagen
Desalojado un tren del Metro en Madrid y cortada la línea 2 y 5 tras una pelea,3,No tiene imagen
Los viajeros del metro de Madrid expulsan a un nazi que insultó y agredió a una pareja musulmana,18,https://uh.gsstatic.es/sfAttachPlugin/getCachedCropContent/id/405355
En estado muy grave un hombre tras ser apuñalado por su pareja,1,No tiene imagen
Una nube tóxica de magnesio impide salir a los vecinos de tres pueblos de Madrid,No tiene comentarios,No tiene imagen
Evacuado en Bruselas un avión con destino a Madrid por una falsa amenaza de bomba,No tiene comentarios,No tiene imagen
Seis detenidos por insultar y lanzar piedras a un transexual en un parque de Madrid,4,No tiene imagen
Un hombre roba tres bolardos del Ayuntamiento y los coloca frente a su local para que no aparquen los vecinos,7,https://uh.gsstatic.es/sfAttachPlugin/getCachedCropContent/id/403213
Pintan con símbolos nazis y antisemitas las tumbas de las Brigadas Internacionales de Fuencarral,3,No tiene imagen
"Detenido un hombre en Madrid por atacar con un cuchillo a su pareja, que resulta herida muy grave",No tiene comentarios,No tiene imagen
Dos detenidos cuando explosionaban un cajero en Madrid con 62.000 euros,2,https://uh.gsstatic.es/sfAttachPlugin/getCachedCropContent/id/400667
Cinco partidos de sanción para Cristiano Ronaldo,35,https://uh.gsstatic.es/sfAttachPlugin/getCachedCropContent/id/398277
Profanan las estatuas de Lola y Antonio Flores del cementerio de la Almudena de Madrid,8,https://uh.gsstatic.es/sfAttachPlugin/getCachedCropContent/id/398245
Detenida una auxiliar del Hospital de Alcalá acusada de matar a una paciente,2,No tiene imagen
Muere apuñalado un policía municipal de Madrid que estaba fuera de servicio,No tiene comentarios,No tiene imagen
Detenido el alunicero más buscado de Madrid: 90 delitos y 22 órdenes detención,13,https://uh.gsstatic.es/sfAttachPlugin/getCachedCropContent/id/396225
La policía investiga la muerte violenta de una mujer en su casa en Alcorcón,No tiene comentarios,https://uh.gsstatic.es/sfAttachPlugin/getCachedContent/id/485445/width/223
En libertad el hombre que trató de raptar a dos menores en Madrid,No tiene comentarios,No tiene imagen
Detenido un hombre por intentar secuestrar a dos niños en Madrid,No tiene comentarios,No tiene imagen
Un hombre se entrega a la Policía tras matar a su pareja a golpes en Madrid,1,No tiene imagen
Cristiano Ronaldo sale del juzgado tras comparecer sin hacer declaraciones,12,https://uh.gsstatic.es/sfAttachPlugin/getCachedCropContent/id/394133
Un accidente con un herido muy grave causa retenciones en Madrid,No tiene comentarios,https://uh.gsstatic.es/sfAttachPlugin/getCachedContent/id/481937/width/223
Dispositivo policial en la casa de Arturo Fernández para impedir un 'escrache' de la PAH,2,https://uh.gsstatic.es/sfAttachPlugin/getCachedCropContent/id/392901
Herida grave una mujer de 45 años apuñalada por su expareja en Alcorcón,No tiene comentarios,No tiene imagen
Detenido por apuñalar a un joven que le recriminó un piropo grosero a su novia,5,No tiene imagen
Detenido por abusar de mujeres mediante falsas ofertas de trabajo en centros de masaje y saunas,1,No tiene imagen
El Real Madrid confirma el fichaje de Dani Ceballos,2,No tiene imagen
Detienen a un padre por abandonar a su hija de 16 meses en el coche y dice que olvidó llevarla a la guardería,6,No tiene imagen
"Una discusión entre el asesino y su cuñado, detonante del crimen de Guadarrama",No tiene comentarios,https://uh.gsstatic.es/sfAttachPlugin/getCachedCropContent/id/388201
Marimar Blanco a Manuela Carmena: «Te pido que coloques la imagen de mi hermano que representa a todas las víctimas»,5,https://uh.gsstatic.es/sfAttachPlugin/getCachedCropContent/id/388085
Rajoy acusa a Iglesias de practicar la corrupción de la democracia en Venezuela,11,https://uh.gsstatic.es/sfAttachPlugin/getCachedCropContent/id/388031
Abucheos a Carmena en el homenaje del PP a Miguel Ángel Blanco,9,https://uh.gsstatic.es/sfAttachPlugin/getCachedCropContent/id/388067
Condenado a 20 años de cárcel el marfileño que mató a un policía al arrojarle a las vías del tren,6,No tiene imagen
Muere un hombre de 73 años electrocutado cuando manipulaba cables en su casa,No tiene comentarios,No tiene imagen
Fallece un acróbata tras un accidente durante una actuación en el festival Mad Cool de Madrid,1,https://uh.gsstatic.es/sfAttachPlugin/getCachedCropContent/id/387005
Jesús Vallejo ya viste de blanco,No tiene comentarios,https://uh.gsstatic.es/sfAttachPlugin/getCachedCropContent/id/386769
Muere un motorista atropellado por varios vehículos en Madrid,1,No tiene imagen
Una nonagenaría estafada por su nieto: «No me ha dejado ni para pan»,4,https://uh.gsstatic.es/sfAttachPlugin/getCachedCropContent/id/386015
Seis ultras detenidos por grabar a fuego una esvástica en la mano de una chica,5,https://uh.gsstatic.es/sfAttachPlugin/getCachedCropContent/id/385977
Muere atropellado un guardia civil en una autovía en Madrid,5,No tiene imagen
El 'otro' World Pride: 445 atendidos por Samur y 469 toneladas de residuos,No tiene comentarios,https://uh.gsstatic.es/sfAttachPlugin/getCachedCropContent/id/385209
Muere un bebé que nació tras una cesárea a su madre fallecida,5,https://uh.gsstatic.es/sfAttachPlugin/getCachedContent/id/470159/width/223
Encuentran encerrado en un trastero a un hombre desaparecido que se desorientó,1,https://uh.gsstatic.es/sfAttachPlugin/getCachedCropContent/id/384581
Batalla campal en Chueca durante las fiestas del Orgullo Gay,34,https://uh.gsstatic.es/sfAttachPlugin/getCachedCropContent/id/383886
Herido grave un trabajador en Madrid tras amputarse un pie,1,https://uh.gsstatic.es/sfAttachPlugin/getCachedContent/id/467716/width/223
Detenidos tres jóvenes por practicar sexo en un parque infantil a plena luz del día,12,https://uh.gsstatic.es/sfAttachPlugin/getCachedContent/id/467660/width/223
Tres neonazis detenidos en Chueca por agredir a una pareja homosexual,6,No tiene imagen
En libertad los jóvenes de Arran detenidos por la quema de fotos del rey,33,No tiene imagen
Decenas de personas concentradas apoyan a los jóvenes de Arran a las puertas de la Audiencia Nacional,11,https://uh.gsstatic.es/sfAttachPlugin/getCachedContent/id/465918/width/223
Detenida una profesora de Madrid por insultar a sus alumnos menores de edad,17,https://uh.gsstatic.es/sfAttachPlugin/getCachedContent/id/465768/width/223
Las Ventas cerrará este verano para mejorar la seguridad en instalaciones y accesos,No tiene comentarios,https://uh.gsstatic.es/sfAttachPlugin/getCachedCropContent/id/382070
Madrid premia al niño de 9 años que salvó la vida de su madre tras llamar al 112,No tiene comentarios,https://uh.gsstatic.es/sfAttachPlugin/getCachedCropContent/id/381858
El juez busca a cinco enfermeras por la desaparición de dos gemelas en Madrid,6,https://uh.gsstatic.es/sfAttachPlugin/getCachedContent/id/464690/width/223
Detenidos en Madrid tres yihadistas,3,https://uh.gsstatic.es/sfAttachPlugin/getCachedContent/id/464906/width/223
Prisión sin fianza para la mujer que apuñaló a su pareja en Madrid,1,No tiene imagen
Suspenden cirugías en un hospital de Madrid al hallar insectos en unos quirófanos,1,No tiene imagen
Cuatro heridos leves al levantarse por el viento varios castillos hinchables en Madrid,2,https://uh.gsstatic.es/sfAttachPlugin/getCachedCropContent/id/380646
Atienden a unos 40 alumnos por un golpe de calor en un instituto de Madrid,4,No tiene imagen
Cristiano Ronaldo: «A veces la mejor respuesta es estar callado»,17,https://uh.gsstatic.es/sfAttachPlugin/getCachedCropContent/id/379920
Muere un bebé de cinco meses en una guardería,No tiene comentarios,No tiene imagen
Un camión descontrolado causa el pánico en Madrid por miedo a que fuera un ataque terrorista,No tiene comentarios,https://uh.gsstatic.es/sfAttachPlugin/getCachedContent/id/461542/width/223
"Detenido un hombre tras violar, pegar y robar a su expareja",1,No tiene imagen
Condenado a 10 años de cárcel el hombre que mató a una mujer que intentó evitar una agresión machista,2,No tiene imagen
La Fiscalía se querella contra Mijatovic por fraude a Hacienda,2,https://uh.gsstatic.es/sfAttachPlugin/getCachedCropContent/id/378696
Condenado a tres años y nueve meses de prisión por casi matar a su bebé al utilizarlo como escudo ante la Policía,5,No tiene imagen
Cifuentes califica la moción de censura como «una falta de respeto hacia los madrileños»,7,https://uh.gsstatic.es/sfAttachPlugin/getCachedCropContent/id/377482
Sin trabajo a la vuelta de la batalla contra el cáncer,2,https://uh.gsstatic.es/sfAttachPlugin/getCachedCropContent/id/376674
"Madrid implanta nuevos semáforos igualitarios, paritarios e inclusivos",21,https://uh.gsstatic.es/sfAttachPlugin/getCachedCropContent/id/376412
Capturan una culebra agresiva en un colegio de Madrid,3,https://uh.gsstatic.es/sfAttachPlugin/getCachedCropContent/id/375020
Detenido en Madrid un joven por enaltecimiento del terrorismo yihadista,2,No tiene imagen
Un 'huevazo' salpica a Pablo Iglesias en la manifestación de los taxistas,21,https://uh.gsstatic.es/sfAttachPlugin/getCachedCropContent/id/374372
Detenido el asesino de una mujer y su hijo en Alcobendas,1,No tiene imagen
Carga policial por la manifestación de los taxistas en Madrid,3,https://uh.gsstatic.es/sfAttachPlugin/getCachedCropContent/id/374298
Un joven de 13 años pierde las dos piernas al ser arrollado por el metro,10,https://uh.gsstatic.es/sfAttachPlugin/getCachedCropContent/id/373866
Dos mujeres son asesinadas presuntamente por sus parejas en Madrid,No tiene comentarios,No tiene imagen
El Ayuntamiento de Madrid exige que los crímenes machistas sean tratados como una cuestión de Estado,2,No tiene imagen
Cientos de afectados en Barajas por la caída de sistema de British Airways,No tiene comentarios,https://uh.gsstatic.es/sfAttachPlugin/getCachedContent/id/452546/width/223
La Fiscalía investiga si Cristiano Ronaldo defraudó a Hacienda 15 millones en cuatro años,12,https://uh.gsstatic.es/sfAttachPlugin/getCachedContent/id/451592/width/223
«Los gitanos no matamos ancianos»,No tiene comentarios,No tiene imagen
Detenidos Aneri y el prestamista Antonio Arroyo por fraude en los cursos a parados,1,No tiene imagen
Mata a un anciano de un puñetazo en una discusión de tráfico en Madrid,No tiene comentarios,No tiene imagen
La madre que abandonó a su hija de 2 años durante horas acudió a una cita médica urgente,4,https://uh.gsstatic.es/sfAttachPlugin/getCachedCropContent/id/371370
Emotivo vídeo de despedida al joven que murió en un ascensor junto a su novia,4,https://uh.gsstatic.es/sfAttachPlugin/getCachedCropContent/id/371330
La postura más sexual de la política,1,https://uh.gsstatic.es/sfAttachPlugin/getCachedCropContent/id/371328
Arde un autobús municipal en Madrid,No tiene comentarios,https://uh.gsstatic.es/sfAttachPlugin/getCachedCropContent/id/369944
Varios niños heridos al volcar un castillo hinchable en Madrid,3,https://uh.gsstatic.es/sfAttachPlugin/getCachedContent/id/444236/width/223
Muere a tiros a plena luz del día el butronero 'Niño Sáez',12,https://uh.gsstatic.es/sfAttachPlugin/getCachedCropContent/id/368508
"Una mujer de 27 años, asesinada por su pareja en Madrid con un arma blanca",2,No tiene imagen
Detenido un dirigente de Podemos que trató de impedir un desahucio,3,No tiene imagen
Rocían con pintura rosa todos los monumentos de los aledaños de Las Ventas,3,https://uh.gsstatic.es/sfAttachPlugin/getCachedCropContent/id/367684
Ikea abrirá el 25 de mayo su tienda en la «milla de oro» de Madrid,No tiene comentarios,https://uh.gsstatic.es/sfAttachPlugin/getCachedCropContent/id/367190
Dos jóvenes de 17 años fallecen al caer por el hueco de un ascensor,10,https://uh.gsstatic.es/sfAttachPlugin/getCachedContent/id/441746/width/223
Una jueza sentencia que dar positivo y saltarse un semáforo no es delito,23,No tiene imagen
Una niña de 13 años apuñala cinco veces a un compañero del instituto de 14,10,https://uh.gsstatic.es/sfAttachPlugin/getCachedCropContent/id/365588
Una explosión en una planta industrial causa varios heridos en Arganda del Rey,No tiene comentarios,https://uh.gsstatic.es/sfAttachPlugin/getCachedCropContent/id/365292
"La policía busca al supuesto asesino de una mujer y su hijo, que cuenta con antecedentes graves",No tiene comentarios,No tiene imagen
Asesinados una mujer y su hijo en Madrid presuntamente a manos de su pareja,2,https://uh.gsstatic.es/sfAttachPlugin/getCachedCropContent/id/364466
Denuncian a un gimnasio por proponer hacer frente al acoso escolar peleando,14,No tiene imagen
Ana Rosa trata de que un hombre no se lance al vacío ante el desahucio de su madre enferma,2,https://uh.gsstatic.es/sfAttachPlugin/getCachedContent/id/435302/width/223
Detenidos dos hermanastros por agredir sexualmente a una menor en Madrid,No tiene comentarios,No tiene imagen
Espectacular incendio en un edificio en plena Gran Vía de Madrid,No tiene comentarios,https://uh.gsstatic.es/sfAttachPlugin/getCachedCropContent/id/361886
"La Nueve, que ayudó a liberar París, resurge del olvido",2,https://uh.gsstatic.es/sfAttachPlugin/getCachedCropContent/id/360778
Hallado el cuerpo de un bebé en un centro de basuras,1,No tiene imagen
González pasó la noche en los calabozos tras el registro de su despacho,7,https://uh.gsstatic.es/sfAttachPlugin/getCachedContent/id/430944/width/223
La mujer que falleció en Madrid murió a causa de las mordeduras de su perro,No tiene comentarios,No tiene imagen
Juzgan a un hombre que asfixió a su madre hasta matarla,No tiene comentarios,No tiene imagen
Piden 18 años de prisión para un policía que fuera de servicio asesinó a un amigo,No tiene comentarios,No tiene imagen
Muere un bebé de 16 meses tras sufrir un accidente en una escuela infantil,2,No tiene imagen
Zidane confirma la baja de Bale para recibir al Bayern,1,https://uh.gsstatic.es/sfAttachPlugin/getCachedCropContent/id/359756
Carmena anuncia que regalará un libro a los bebés nacidos en Madrid,17,https://uh.gsstatic.es/sfAttachPlugin/getCachedCropContent/id/359726
Detenidos cuatro tuiteros por 'subastar' la «caza» del presidente de una asociación contra el racismo,6,https://uh.gsstatic.es/sfAttachPlugin/getCachedContent/id/428770/width/223
La Policía ha vuelto a intervenir contra aficionados del Leicester en Plaza Mayor,1,https://uh.gsstatic.es/sfAttachPlugin/getCachedCropContent/id/358780
"Una mujer, apuñalada por su expareja en Madrid pese a tener orden de alejamiento",2,No tiene imagen
Denuncian a un colegio de Madrid por programar talleres de ganchillo para niñas y visitas al Bernabeu para niños,3,https://uh.gsstatic.es/sfAttachPlugin/getCachedCropContent/id/358284
Desarticulada una red de venta de coches de lujo robados en Madrid y Toledo,No tiene comentarios,No tiene imagen
"Llega a España el 'bushmeat', la peligrosa práctica de consumir carne de mono o armadillo",12,https://uh.gsstatic.es/sfAttachPlugin/getCachedCropContent/id/357904
Madrid recibe el Zara más grande del mundo,1,https://uh.gsstatic.es/sfAttachPlugin/getCachedCropContent/id/357146
"Koke, asaltado a punta de pistola en Madrid",6,https://uh.gsstatic.es/sfAttachPlugin/getCachedCropContent/id/357100
Catalá: «Por hacer chistes en España no se condena»,No tiene comentarios,https://uh.gsstatic.es/sfAttachPlugin/getCachedContent/id/424752/width/223
Admiten una querella contra Wyoming y Dani Mateo por ofender al Valle de los Caídos,23,https://uh.gsstatic.es/sfAttachPlugin/getCachedCropContent/id/357034
Detenido un hombre por engrilletar a plena luz del día a una joven de 21 años,4,No tiene imagen
"Muere Antonio Lamela, el arquitecto de las Torres de Colón y la T-4",2,No tiene imagen
"Berkana, la primera librería LGTBI de España, se salva gracias al 'crowdfunding'",No tiene comentarios,https://uh.gsstatic.es/sfAttachPlugin/getCachedContent/id/421166/width/223
Herida grave mientras experimentaba con la «serpiente del faraón»,1,https://uh.gsstatic.es/sfAttachPlugin/getCachedContent/id/421092/width/223
Piden investigar si alguien pagó a Correa por su silencio sobre la caja B del PP,No tiene comentarios,No tiene imagen
Metro de Madrid suprimirá este mes las taquillas de las estaciones y los billetes de papel en 2018,No tiene comentarios,https://uh.gsstatic.es/sfAttachPlugin/getCachedContent/id/420454/width/223
Condenado a 17 años cárcel por maltratar y matar a golpes a su pareja en Cáceres,No tiene comentarios,No tiene imagen
Detenido en Madrid por masturbarse en la calle y eyacular sobre un agente,7,No tiene imagen
La Policía vuelve a desalojar a los ultras de Hogar Social Madrid y detiene a dos personas,3,https://uh.gsstatic.es/sfAttachPlugin/getCachedCropContent/id/353508
Detenido por dormir durante un mes en hoteles de lujo de Madrid sin pagar,7,https://uh.gsstatic.es/sfAttachPlugin/getCachedCropContent/id/352318
El juez Yllanes y el guardia civil Delgado se desmarcan del apoyo de Podemos a los imputados de Alsasua,20,https://uh.gsstatic.es/sfAttachPlugin/getCachedCropContent/id/351472
Un hombre de 70 años dispara con una escopeta de caza a una mujer en Madrid,3,No tiene imagen
"Díaz, Sánchez y López llaman a la «unidad» del PSOE en la precampaña de las primarias",No tiene comentarios,No tiene imagen
Cifuentes y Cospedal prometen un PP renovado Madrid y Castilla-La Mancha,3,https://uh.gsstatic.es/sfAttachPlugin/getCachedContent/id/415244/width/223
Juzgan a un hombre que mató a otro por reprenderle que golpeara un cubo de basura,3,No tiene imagen
Detenido un hombre por dar diez martillazos en la cabeza a su pareja,1,No tiene imagen
Froilán se encara con otro joven a la salida de una discoteca de Madrid,28,https://uh.gsstatic.es/sfAttachPlugin/getCachedCropContent/id/349522
Condenado a 37 años por matar a su mujer y su hija y tirar los cuerpos a un pozo,3,No tiene imagen
Fallece una mujer de 27 años al ser golpeada por un tren en la cabeza,2,No tiene imagen
Carmena releva a Celia Mayer como concejala de Cultura,No tiene comentarios,https://uh.gsstatic.es/sfAttachPlugin/getCachedCropContent/id/349344
El Ayuntamiento de Alcalá la lía con una fiesta de jubilación con 'stripper',5,https://uh.gsstatic.es/sfAttachPlugin/getCachedCropContent/id/349086
Detenido el hombre que se atrincheró en Madrid tras disparar a su expareja,1,https://uh.gsstatic.es/sfAttachPlugin/getCachedCropContent/id/349060
Un hombre dispara a su expareja con una escopeta y se atrinchera en su casa de Madrid,No tiene comentarios,https://uh.gsstatic.es/sfAttachPlugin/getCachedContent/id/413518/width/223
El madrileño Café Comercial reabre sus puertas el 21 de marzo,No tiene comentarios,https://uh.gsstatic.es/sfAttachPlugin/getCachedCropContent/id/348628
Madrid reducirá la velocidad a 70 en la M-30 y los vehículos que más contaminen no podrán aparcar,No tiene comentarios,https://uh.gsstatic.es/sfAttachPlugin/getCachedCropContent/id/348082
Hazte Oír se manifiesta para pedir libertad de expresión y de educación,7,No tiene imagen
Zoido homenajea a las víctimas del 11M con mensajes en Twitter coincidiendo con cada explosión,5,https://uh.gsstatic.es/sfAttachPlugin/getCachedCropContent/id/347642
La policía detiene a un hacker por robar información fiscal de familiares del Rey Juan Carlos y otras grandes fortunas,4,No tiene imagen
Detenido un exalto cargo de Ciudadanos acusado de violencia machista,5,https://uh.gsstatic.es/sfAttachPlugin/getCachedCropContent/id/347354
El Supremo establece el derecho de una médico a cobrar guardias no realizadas por su embarazo,2,https://uh.gsstatic.es/sfAttachPlugin/getCachedCropContent/id/346952
Hazte oír acusa a Andrea Levy de amenazarles de forma «mafiosa»,2,https://uh.gsstatic.es/sfAttachPlugin/getCachedCropContent/id/346948
Indignación contra unos agentes que no comunicaron a una familia que un hombre desaparecido llevaba cinco días muerto,5,https://uh.gsstatic.es/sfAttachPlugin/getCachedCropContent/id/346878
'Castellers' madrileños,2,https://uh.gsstatic.es/sfAttachPlugin/getCachedCropContent/id/346540
Detenido un menor por chantajear a una joven con difundir vídeos sexuales,No tiene comentarios,https://uh.gsstatic.es/sfAttachPlugin/getCachedContent/id/409488/width/223
La Asociación de la Prensa de Madrid exige a Podemos que cese su campaña de «acoso personal» a periodistas,37,No tiene imagen
Hazte Oír denuncia a Manuela Carmena por el «repetido acoso» a su autobús contra la transexualidad,25,https://uh.gsstatic.es/sfAttachPlugin/getCachedContent/id/408544/width/223
Detenido un hombre por acuchillar a su expareja en Madrid,No tiene comentarios,No tiene imagen
HazteOir.org cambia el bus por una caravana y la denuncian por llevar publicidad,24,https://uh.gsstatic.es/sfAttachPlugin/getCachedContent/id/407576/width/223
La Audiencia Nacional deja en libertad sin fianza a Rato y Blesa por las tarjetas black,32,https://uh.gsstatic.es/sfAttachPlugin/getCachedCropContent/id/345208
Hazte Oír incluye signos de interrogación para cumplir con el juez,6,No tiene imagen
Piden 12 años de internamiento a la mujer que mató a su hijo de dos años de 67 puñaladas,2,No tiene imagen
'El Intermedio' contesta a Hazte Oír con su propio autobús,11,https://uh.gsstatic.es/sfAttachPlugin/getCachedCropContent/id/345178
Muy grave una joven tras ser apuñalada cuatro veces y caer desde una altura de 5 metros,1,No tiene imagen
El fiscal pide 2 años de cárcel para González Macho por manipular la taquilla,1,https://uh.gsstatic.es/sfAttachPlugin/getCachedCropContent/id/344826
Hallan el cadáver de una mujer degollada en su casa de Alcobendas,1,https://uh.gsstatic.es/sfAttachPlugin/getCachedCropContent/id/344816
Hazte Oír denunciará al Ayuntamiento de Madrid por retener su autobús,No tiene comentarios,https://uh.gsstatic.es/sfAttachPlugin/getCachedCropContent/id/344798
La mujer que arrojó a su bebé a la basura: «Estoy más que arrepentida»,5,https://uh.gsstatic.es/sfAttachPlugin/getCachedCropContent/id/344806
La Policía Municipal de Madrid inmoviliza al autobús de Hazteoír,5,No tiene imagen
Polémica campaña en Madrid: «Los niños tienen pene. Las niñas tienen vulva. Que no te engañen»,18,https://uh.gsstatic.es/sfAttachPlugin/getCachedContent/id/405516/width/223
Desaparecida desde el viernes una joven de 19 años vista por última vez en Madrid,No tiene comentarios,https://uh.gsstatic.es/sfAttachPlugin/getCachedCropContent/id/344104
Sancionan a las mujeres que están en huelga en la Puerta del Sol por instalar una carpa,No tiene comentarios,https://uh.gsstatic.es/sfAttachPlugin/getCachedContent/id/405164/width/223
Hallada muerta con signos de degüello a la voluntaria social que desapareció el jueves en Madrid,No tiene comentarios,https://uh.gsstatic.es/sfAttachPlugin/getCachedCropContent/id/343796
Herido grave un joven de 23 años tras ser tiroteado en una calle de Madrid,No tiene comentarios,No tiene imagen
Decenas de personas claman en la Puerta del Sol al grito de «basta ya de impunidad» judicial y «borbones a prisión»,No tiene comentarios,No tiene imagen
El Gobierno aprueba la reforma de la estiba,1,No tiene imagen
Piden 27 años de cárcel para la madre que arrojó a su bebé a la basura en Madrid,1,No tiene imagen
Dos detenidos en Madrid por captar mujeres rumanas y explotarlas sexualmente,No tiene comentarios,No tiene imagen
"Carme Chaparro, con 'No soy un monstruo', gana el Premio Primavera de Novela",No tiene comentarios,https://uh.gsstatic.es/sfAttachPlugin/getCachedCropContent/id/342956
Una Amiga del Museo del Prado le deja en herencia 800.000 euros y una casa,6,https://uh.gsstatic.es/sfAttachPlugin/getCachedCropContent/id/342660
Detenidos cinco menores por agredir a una joven en Madrid,1,No tiene imagen
Setenta años y medio de prisión para el pederasta de Ciudad Lineal,11,https://uh.gsstatic.es/sfAttachPlugin/getCachedCropContent/id/342576
Los taxistas no descartan movilizaciones en todo el país en defensa del sector,1,https://uh.gsstatic.es/sfAttachPlugin/getCachedContent/id/401880/width/223
«Buenas vibraciones» entre los galeristas de la Isla en el Arco de la «recuperación»,No tiene comentarios,https://uh.gsstatic.es/sfAttachPlugin/getCachedContent/id/401586/width/223
La Fiscalía renueva dos puestos clave en la lucha contra la corrupción,3,https://uh.gsstatic.es/sfAttachPlugin/getCachedCropContent/id/342392
"Cifuentes y Asúa, únicos candidatos a presidir el PP de Madrid",No tiene comentarios,No tiene imagen
Más de 45 años de cárcel al exprofesor del Vallmont por abusar de 9 niños,No tiene comentarios,No tiene imagen
Los Reyes reciben a Macri y su esposa con una solemne ceremonia en el Palacio Real,No tiene comentarios,https://uh.gsstatic.es/sfAttachPlugin/getCachedCropContent/id/342188
Archivan el caso Funnydent al entender que no es una estafa sino un episodio de «mala gestión»,No tiene comentarios,No tiene imagen
Podemos consuma en el Congreso los cambios que apartan al ‘errejonismo’,1,https://uh.gsstatic.es/sfAttachPlugin/getCachedCropContent/id/342112
Busca y captura contra la madre que permitió que su hija comiera heces,2,No tiene imagen
La fiscalía no acepta el pacto entre Lucas Hernández y su novia y habrá juicio,4,https://uh.gsstatic.es/sfAttachPlugin/getCachedCropContent/id/341812
"Un niño de 9 años, en estado grave tras caer desde un cuarto piso en Torrejón de Ardoz",No tiene comentarios,No tiene imagen
Juzgada por obligar a su hija a comer heces después de denunciarla por secuestro,4,No tiene imagen
Un colegio de Madrid retira a su equipo de baloncesto por ofender al rival,13,https://uh.gsstatic.es/sfAttachPlugin/getCachedContent/id/398660/width/223
González y Aznar unen sus voces en favor de la libertad de Leopoldo López,6,https://uh.gsstatic.es/sfAttachPlugin/getCachedCropContent/id/340352
"'Resistiré' del Dúo Dinámico, himno contra el cáncer infantil",No tiene comentarios,https://uh.gsstatic.es/sfAttachPlugin/getCachedCropContent/id/340302
Cristina Cifuentes deja la Gestora y presenta su candidatura a liderar el PP de Madrid,No tiene comentarios,https://uh.gsstatic.es/sfAttachPlugin/getCachedCropContent/id/340066
Carmena pide a Richard Gere que medie para que el Dalai Lama asista en Madrid al Foro Mundial sobre las Violencias,2,https://uh.gsstatic.es/sfAttachPlugin/getCachedCropContent/id/340052
El Supremo confirma la condena a 31 años de prisión para el parricida de Carabanchel,No tiene comentarios,No tiene imagen
Un hombre admite el asesinado a su expareja y a la hija de ésta de 9 años,No tiene comentarios,No tiene imagen
La abuela de la niña asesinada por la pareja de su madre asegura que lo «veía venir»,No tiene comentarios,No tiene imagen
Dimiten tres altos cargos del Banco de España por el caso Bankia,2,https://uh.gsstatic.es/sfAttachPlugin/getCachedContent/id/397586/width/223
Un hombre de 80 años muere atropellado por un coche cuyo conductor se dio a la fuga,2,No tiene imagen
"Rajoy, sobre Cospedal y Santamaría: «Lo han hecho muy bien ¿por qué tengo que cambiarlas?»",1,https://uh.gsstatic.es/sfAttachPlugin/getCachedCropContent/id/339006
El juez atribuye al presidente de Murcia los delitos de fraude y cohecho,1,No tiene imagen
Ocho mujeres en huelga de hambre exigen un gabinete de crisis contra el maltrato,1,No tiene imagen
Nuevo robo en el cine: Desaparecen las joyas de Macarena Gómez,2,https://uh.gsstatic.es/sfAttachPlugin/getCachedCropContent/id/338494
La Asamblea de Madrid propone a Conde-Pumpido y a Enríquez para el Constitucional,No tiene comentarios,No tiene imagen
"La Agencia Tributaria embarga la caja del día a Desguaces La Torre, con una deuda de 8 millones con Hacienda",No tiene comentarios,No tiene imagen
Miguel Bosé y el arte de estar en varios sitios a la vez,3,https://uh.gsstatic.es/sfAttachPlugin/getCachedCropContent/id/337734
El Ayuntamiento de Madrid abre una investigación por la muerte del joven que se cayó de una torre de ventilación de la M-30,No tiene comentarios,https://uh.gsstatic.es/sfAttachPlugin/getCachedCropContent/id/337702
Madrid estudia indicios de irregularidades en contratos con Lehman Brothers bajo el mandato de Ruiz-Gallardón,No tiene comentarios,No tiene imagen
Localizado en la sierra de Madrid un zulo de los GRAPO,7,https://uh.gsstatic.es/sfAttachPlugin/getCachedCropContent/id/337582
Detenido un marroquí por asestar seis puñaladas a un senegalés,No tiene comentarios,No tiene imagen
Un total de 200 galerías participan en la feria ARCOmadrid 2017,No tiene comentarios,No tiene imagen
Un colectivo neonazi lanza una campaña contra Starbucks por contratar refugiados,3,https://uh.gsstatic.es/sfAttachPlugin/getCachedCropContent/id/337264
Primera orden de alejamiento del Metro de Madrid para un carterista tras robar en su último golpe 4.500 euros,4,No tiene imagen
"Hacienda acusa a Rato de defraudar unos 6,8 millones entre 2004 y 2015",3,https://uh.gsstatic.es/sfAttachPlugin/getCachedContent/id/394704/width/223
"Un guardia civil a un antitaurino: «Te voy a reventar la cabeza, hijo de puta»",53,https://uh.gsstatic.es/sfAttachPlugin/getCachedCropContent/id/337080
"Un joven, en coma tras una posible agresión en una discoteca de Madrid",1,No tiene imagen
"Títeres de Abajo regresa a Madrid, un año después de su arresto, con su polémica obra",2,https://uh.gsstatic.es/sfAttachPlugin/getCachedCropContent/id/335796
La Fiscalía pide orden de alejamiento mutua para el futbolista Lucas Hernández y su novia,7,https://uh.gsstatic.es/sfAttachPlugin/getCachedCropContent/id/335456
«Te voy a dar donde más te duele»,9,https://uh.gsstatic.es/sfAttachPlugin/getCachedCropContent/id/335404
Un hombre se lanza con su bebé desde una ventana del hospital La Paz y ambos mueren,9,https://uh.gsstatic.es/sfAttachPlugin/getCachedCropContent/id/335366
Una parte de la afición del Rayo impide la incorporación de Zozulya por su supuesta ideología ultra,2,https://uh.gsstatic.es/sfAttachPlugin/getCachedContent/id/391960/width/223
Bescansa deja la dirección de Podemos tras la tensión generada por Iglesias y Errejón,26,https://uh.gsstatic.es/sfAttachPlugin/getCachedCropContent/id/334772
Un niño roba y conduce una barredora municipal en Madrid,5,https://uh.gsstatic.es/sfAttachPlugin/getCachedCropContent/id/333794
Iglesias pide a Competencia que investigue la subida del precio de la electricidad,13,https://uh.gsstatic.es/sfAttachPlugin/getCachedCropContent/id/333130
Tania Sánchez suscita comentarios al afirmar que entre los Abogados de Atocha asesinados hubo mujeres,20,https://uh.gsstatic.es/sfAttachPlugin/getCachedCropContent/id/332922
"El jienense Jesús Moral, Premio Cocinero Revelación 2017 en Madrid Fusión",No tiene comentarios,No tiene imagen
El profesor del Vallmont admite ser «cariñoso» pero niega los abusos sexuales,3,https://uh.gsstatic.es/sfAttachPlugin/getCachedCropContent/id/331902
"Modric, con sobrecarga en el aductor, está «pendiente de evolución»",3,https://uh.gsstatic.es/sfAttachPlugin/getCachedContent/id/387148/width/223
La Universidad Complutense de Madrid investiga la denuncia a un profesor por presunto acoso sexual,1,No tiene imagen
Veinticinco detenidos en todo el país por estafar robando datos bancarios de los buzones,No tiene comentarios,https://uh.gsstatic.es/sfAttachPlugin/getCachedContent/id/385394/width/223
Un hombre mata a su mujer enferma de alzheimer en Madrid y se quita la vida,20,https://uh.gsstatic.es/sfAttachPlugin/getCachedCropContent/id/330108
Arrestado por lanzar un objeto al escenario del Auditorio Nacional de Madrid y herir a un vigilante,No tiene comentarios,https://uh.gsstatic.es/sfAttachPlugin/getCachedContent/id/384968/width/223
El PP de Madrid indigna al Gobierno andaluz de Susana Díaz,5,https://uh.gsstatic.es/sfAttachPlugin/getCachedCropContent/id/329766
Una feminista irrumpe en la inauguración de la estatua de Trump en el Museo de Cera,18,https://uh.gsstatic.es/sfAttachPlugin/getCachedCropContent/id/329808
Diez detenidos en Madrid de una banda de aluniceros que robaban máquinas de tabaco,1,No tiene imagen
Muere un joven dominicano tras recibir dos disparos en un bar de Madrid,6,No tiene imagen
Una trama amañaba contratos en el parque Warner de Madrid,1,No tiene imagen
Llama a la Guardia Civil alertando de un ladrón y acaba detenida por cultivar marihuana,9,https://uh.gsstatic.es/sfAttachPlugin/getCachedContent/id/382428/width/223
Las cafeterías Nebraska echan el cierre en Madrid,1,https://uh.gsstatic.es/sfAttachPlugin/getCachedContent/id/382146/width/223
Una falsa amenaza de bomba obliga a desalojar a los pasajeros de un vuelo entre Madrid y Berlín,No tiene comentarios,No tiene imagen
Carmena quiere una consulta ciudadana para peatonalizar Gran Vía,10,https://uh.gsstatic.es/sfAttachPlugin/getCachedCropContent/id/327140
Anticorrupción pide 4 años de cárcel para Miguel Blesa por los sobresueldos de Caja Madrid,2,https://uh.gsstatic.es/sfAttachPlugin/getCachedContent/id/380694/width/223
Zoido niega que los presuntos yihadistas de Madrid planearan un atentado «inminente ni remoto»,4,https://uh.gsstatic.es/sfAttachPlugin/getCachedContent/id/380682/width/223
Detenido un hombre que trató de raptar a un niño de 8 años en una cabalgata,1,No tiene imagen
Detenido un ladrón después de golpear y robar a una anciana de 86 años en su casa,3,No tiene imagen
Carmena quiere finalizar la peatonalización de la Gran Vía de Madrid esta legislatura,No tiene comentarios,https://uh.gsstatic.es/sfAttachPlugin/getCachedCropContent/id/326340
Investigan la muerte de una mujer que se precipitó desde un piso en Madrid,No tiene comentarios,No tiene imagen
Fallece en Madrid la primera víctima de violencia de género de 2017,5,No tiene imagen
Prisión para los dos jóvenes vinculados al terrorismo yihadista detenidos en Madrid,No tiene comentarios,No tiene imagen
Veinte detenidos en Madrid por distribuir euros falsos,No tiene comentarios,https://uh.gsstatic.es/sfAttachPlugin/getCachedCropContent/id/324730
Un alcalde socialista de Madrid denuncia amenazas tras organizar una comida de Navidad para jubilados con una vedete,7,https://uh.gsstatic.es/sfAttachPlugin/getCachedCropContent/id/324450
Dos detenidos en Madrid por enaltecimiento de terrorismo yihadista,2,No tiene imagen
La Policía busca a un niño de 15 años desaparecido en Madrid,No tiene comentarios,https://uh.gsstatic.es/sfAttachPlugin/getCachedCropContent/id/323514
Liberadas nueve jóvenes de una red de prostitución que las sometía con vudú,1,https://uh.gsstatic.es/sfAttachPlugin/getCachedCropContent/id/322892
Iglesias avisa de que no seguirá al frente de Podemos si pierde en Vistalegre II,19,https://uh.gsstatic.es/sfAttachPlugin/getCachedContent/id/372712/width/223
El Ayuntamiento de Madrid contabiliza a 746 personas que duermen en sus calles a la intemperie,No tiene comentarios,No tiene imagen
"El presunto pederasta de Ciudad Lineal rompe su silencio: «Soy inocente, lo que les ha pasado es una barbaridad»",1,https://uh.gsstatic.es/sfAttachPlugin/getCachedContent/id/370280/width/223
"Rajoy, en una cena con militantes: «Ya preparando las próximas elecciones»",9,https://uh.gsstatic.es/sfAttachPlugin/getCachedCropContent/id/321144
El abogado del presunto pederasta de Ciudad Lineal sostiene que la Policía creó esta figura,1,https://uh.gsstatic.es/sfAttachPlugin/getCachedContent/id/370256/width/223
Aguirre: «Los sueldos de los políticos no dan para mucho»,55,https://uh.gsstatic.es/sfAttachPlugin/getCachedCropContent/id/321096
El delator de Gürtel dice que la trama actuaba con el aval de que Correa era amigo de Aznar,No tiene comentarios,https://uh.gsstatic.es/sfAttachPlugin/getCachedContent/id/369446/width/223
"Ahora Madrid defiende que quemar una foto, independientemente de quien salga, no es delito y sí un «gesto político»",No tiene comentarios,No tiene imagen
Detenido en Segovia un yihadista que fue condenado por un crimen de los GAL,1,No tiene imagen
"Detenidas en Madrid once mujeres, una embarazada, con medio kilo de cocaína en la vagina",1,https://uh.gsstatic.es/sfAttachPlugin/getCachedCropContent/id/320222
Detenido en Madrid un yihadista clave en el aparato de propaganda y captación del DAESH,2,No tiene imagen
La Universidad Complutense plantea reducir de 26 a 22 sus facultades,1,No tiene imagen
El juez rechaza prisión para el pequeño Nicolás pero le retira el pasaporte,4,No tiene imagen
Madrid cerrará la Gran Vía al tráfico estas Navidades,1,https://uh.gsstatic.es/sfAttachPlugin/getCachedContent/id/360788/width/223
Una diputada del PP de Madrid denuncia a su portavoz por trato humillante y le acusa de 'mobbing',No tiene comentarios,No tiene imagen
Cifuentes afirma que Díaz explota el «victimismo» y da por zanjada la polémica,3,https://uh.gsstatic.es/sfAttachPlugin/getCachedCropContent/id/314788
Cifuentes afirma que los madrileños están pagando la sanidad y educación de Andalucía,34,https://uh.gsstatic.es/sfAttachPlugin/getCachedCropContent/id/313594
